galeria_mascota_id,foto,mascota_id
1,,173
2,,124
3,,16
4,,143
5,,232
6,,170
7,,196
8,,257
9,,208
10,,176
11,,281
12,,47
13,,109
14,,97
15,,265
16,,243
17,,230
18,,223
19,,288
20,,227
21,,254
22,,245
23,,122
24,,279
25,,242
26,,76
27,,87
28,,15
29,,178
30,,53
31,,296
32,,65
33,,22
34,,65
35,,12
36,,252
37,,125
38,,81
39,,188
40,,274
41,,126
42,,160
43,,183
44,,94
45,,18
46,,35
47,,279
48,,127
49,,77
50,,127
51,,217
52,,211
53,,234
54,,24
55,,213
56,,273
57,,16
58,,54
59,,16
60,,288
61,,272
62,,217
63,,135
64,,101
65,,63
66,,296
67,,48
68,,35
69,,74
70,,19
71,,38
72,,88
73,,185
74,,292
75,,266
76,,174
77,,222
78,,239
79,,82
80,,150
81,,27
82,,190
83,,255
84,,87
85,,127
86,,187
87,,109
88,,212
89,,55
90,,90
91,,4
92,,226
93,,102
94,,274
95,,141
96,,286
97,,272
98,,256
99,,230
100,,288
101,,274
102,,129
103,,78
104,,211
105,,107
106,,184
107,,226
108,,123
109,,55
110,,70
111,,243
112,,91
113,,205
114,,108
115,,274
116,,290
117,,41
118,,74
119,,137
120,,82
121,,266
122,,296
123,,163
124,,24
125,,150
126,,110
127,,299
128,,118
129,,115
130,,277
131,,149
132,,288
133,,287
134,,77
135,,250
136,,184
137,,197
138,,287
139,,8
140,,128
141,,90
142,,58
143,,163
144,,213
145,,247
146,,117
147,,299
148,,147
149,,80
150,,32
151,,98
152,,190
153,,97
154,,75
155,,79
156,,47
157,,140
158,,206
159,,244
160,,223
161,,215
162,,14
163,,72
164,,158
165,,139
166,,261
167,,217
168,,178
169,,150
170,,21
171,,214
172,,41
173,,13
174,,189
175,,282
176,,158
177,,107
178,,74
179,,85
180,,172
181,,32
182,,98
183,,175
184,,193
185,,104
186,,277
187,,128
188,,156
189,,223
190,,107
191,,216
192,,47
193,,113
194,,184
195,,234
196,,171
197,,233
198,,234
199,,191
200,,159
201,,258
202,,24
203,,185
204,,87
205,,51
206,,153
207,,27
208,,71
209,,120
210,,224
211,,161
212,,51
213,,289
214,,259
215,,256
216,,105
217,,23
218,,243
219,,188
220,,229
221,,195
222,,200
223,,293
224,,209
225,,175
226,,183
227,,194
228,,112
229,,252
230,,97
231,,109
232,,284
233,,242
234,,85
235,,1
236,,263
237,,290
238,,157
239,,172
240,,219
241,,19
242,,27
243,,117
244,,291
245,,222
246,,200
247,,166
248,,286
249,,253
250,,100
251,,89
252,,182
253,,224
254,,48
255,,100
256,,203
257,,138
258,,105
259,,255
260,,99
261,,146
262,,279
263,,21
264,,75
265,,150
266,,185
267,,186
268,,144
269,,296
270,,15
271,,69
272,,202
273,,232
274,,134
275,,175
276,,236
277,,292
278,,134
279,,99
280,,58
281,,81
282,,166
283,,175
284,,102
285,,30
286,,197
287,,102
288,,122
289,,8
290,,126
291,,193
292,,274
293,,197
294,,183
295,,171
296,,5
297,,263
298,,28
299,,235
300,,254
