ORDEN_COMPRA_ID,FOLIO,FECHA_SOLICITUD,IMPORTE_TOTAL,IMPORTE_SERVICIO,IMPORTE_PRODUCTOS,CLIENTE_ID,EMPLEADO_ID
1,WC41CL57IG,13/10/2023,2730.03,343.09,2262.45,81,32.81
2,ZO20SY91VZ,11/03/2024,9478.76,831.74,3167.0,657,21.53
3,SD18QV04OZ,19/05/2024,8707.26,1390.32,3144.34,744,73.89
4,BC73CN62UW,08/12/2023,8050.41,215.01,3775.04,987,0.4
5,EG27JM00FZ,22/04/2024,8271.27,1388.28,5489.46,486,114.01
6,XZ24NG75HS,31/05/2024,9564.45,243.93,1591.32,171,12.36
7,CP10HA43HL,10/10/2023,1818.08,271.77,7093.67,537,41.76
8,HB14KZ62SQ,30/10/2023,4561.76,100.02,3835.56,606,35.17
9,KK85MI56XK,21/05/2024,8428.94,357.08,7547.4,194,94.6
10,FM18CK73FX,25/12/2023,2901.89,1807.98,630.13,127,42.79
11,DA73SL11NJ,02/02/2024,2847.88,550.92,3052.37,341,113.47
12,ME91JP29ZI,15/04/2024,1231.52,1083.4,7154.79,566,12.55
13,TV03AH33VI,26/04/2024,9111.79,1139.69,4146.63,846,18.27
14,JN31NC52QV,15/11/2023,2552.18,606.38,7948.18,367,111.57
15,CX72DL50KK,08/02/2024,2632.23,1056.03,6182.3,171,93.85
16,ER84VH03TN,11/05/2024,3534.66,1930.28,1734.99,986,100.46
17,PF85LH09BY,12/10/2023,2620.88,1273.45,7671.07,842,76.43
18,BK46FY69WN,01/11/2023,1098.53,1039.96,539.6,376,80.97
19,GZ26QN22TF,10/12/2023,7117.49,1631.01,2514.47,303,19.64
20,NY88UL92XM,28/01/2024,3262.14,1172.94,4954.94,817,13.85
21,CZ92VB17AL,20/11/2023,1281.17,547.29,1262.31,168,73.53
22,IE00UU78GG,21/05/2024,497.36,443.63,7424.04,519,198.5
23,UM08NF84NW,20/01/2024,3314.36,339.36,6026.92,716,144.52
24,TX94IY84VW,15/12/2023,5938.97,1792.65,5584.79,906,184.56
25,NU32BC76IW,10/03/2024,1302.98,1622.83,5215.73,775,6.91
26,QY67IZ81QJ,28/04/2024,6580.63,1012.92,1773.04,59,91.76
27,CN01YJ26KC,28/04/2024,6487.4,1050.31,2581.64,93,124.87
28,TX16AA48BS,03/10/2023,6755.14,972.62,2774.2,244,72.61
29,BP47VV56CT,24/10/2023,1319.73,1199.53,1426.25,471,111.79
30,YG71MI39UD,19/02/2024,9844.05,159.0,6195.83,814,182.55
31,LE84GP68YC,10/01/2024,3431.75,421.72,1616.41,595,107.6
32,YT18GW74TK,24/04/2024,5738.62,1388.48,52.38,274,41.46
33,HI77TE47EK,06/03/2024,3588.99,397.08,6140.08,235,178.36
34,HT82ME58CX,09/05/2024,3512.86,368.18,1664.37,220,82.5
35,ME27EQ83YU,21/02/2024,8906.62,1421.13,1891.05,421,90.79
36,KZ09OA89QF,14/05/2024,3490.82,799.09,4879.24,302,50.33
37,WH42JV52DU,27/04/2024,9227.49,892.64,5151.06,193,20.22
38,FO13OC24YN,03/05/2024,6888.55,1267.67,2637.88,741,66.34
39,CR75DI38KX,27/04/2024,7097.39,1369.86,7981.56,187,26.68
40,AR50BV94LU,06/06/2024,7135.85,605.72,4940.56,416,133.97
41,HS05JH25YV,06/03/2024,2727.46,238.12,4358.88,105,21.94
42,SV22GJ17ZC,01/06/2024,1499.12,131.89,2834.34,70,123.09
43,OT81OU10WI,17/01/2024,7574.24,424.81,3373.96,81,145.07
44,NX49EJ27OE,01/03/2024,8593.64,808.97,6950.63,376,161.46
45,CL84XF13KI,17/01/2024,8503.1,15.74,1974.68,904,45.84
46,EY44PE37FV,18/11/2023,5213.0,1903.77,7502.66,573,16.3
47,GV60PC17LQ,09/01/2024,9629.28,1510.56,477.01,751,69.34
48,HO24GU82OU,17/02/2024,5434.86,1681.84,762.31,994,3.95
49,PO13LY30GK,08/10/2023,2622.49,257.68,4149.86,524,151.94
50,KI08LM63JV,01/01/2024,1125.51,590.57,81.7,1000,73.46
51,CR36JP14PY,22/04/2024,2443.51,1622.79,7413.44,164,28.98
52,ON95VH13ES,01/05/2024,2536.24,1184.77,1803.77,983,126.03
53,KX68LD90OV,28/01/2024,2787.27,610.66,6556.08,433,144.64
54,PZ00HS47PM,03/11/2023,894.47,435.15,6636.05,252,182.57
55,QP56HQ42NN,18/11/2023,1098.54,639.22,1219.57,660,65.04
56,EU90VU80RL,15/01/2024,9576.54,701.68,5750.31,189,186.44
57,AE70CV93CG,19/05/2024,7178.89,5.79,6084.18,717,150.33
58,OJ81ZX70WQ,06/04/2024,6585.15,1540.88,4311.63,272,33.31
59,HH67GN70RZ,11/03/2024,8995.78,1182.66,6334.32,232,4.96
60,QO86QH25JK,28/12/2023,4431.89,515.74,5645.97,199,78.92
61,AQ21DH26XS,07/10/2023,863.82,265.99,3091.4,56,26.84
62,FG15YS88PF,27/01/2024,7836.87,1117.7,3202.74,348,173.3
63,AO74VQ98FK,22/04/2024,3809.03,1345.39,4360.94,810,153.75
64,RL45OR04EI,03/10/2023,7317.25,1067.18,5365.07,644,196.25
65,JB88MX66WS,01/03/2024,6220.3,1425.23,6094.03,697,94.68
66,CC47EF44DF,28/03/2024,137.72,783.08,2860.98,263,79.95
67,XN56CX65DY,11/04/2024,4825.3,1192.52,665.6,983,138.22
68,BI20YS28MO,19/05/2024,9955.39,209.37,4628.0,283,184.31
69,LJ07PM72IE,30/04/2024,9513.36,864.88,7926.82,632,56.24
70,JV98LW71AE,18/11/2023,3014.56,409.55,4646.43,34,46.32
71,XG20YA96WZ,01/03/2024,5095.65,1040.61,2100.39,115,4.05
72,JW51OR20AY,11/11/2023,5162.63,1925.29,6117.3,861,32.39
73,ZI66TG82EC,14/11/2023,5404.99,510.11,394.96,717,12.26
74,FB84MU37NH,21/05/2024,3627.12,986.08,7139.71,864,77.46
75,IR14ZV96SG,11/11/2023,4770.22,950.64,6845.79,164,96.01
76,QK16AB94JV,08/02/2024,6990.98,1105.24,2203.16,586,74.19
77,JB30AX19GE,21/01/2024,9680.65,1115.68,7596.3,699,54.82
78,AG11ML75UE,18/01/2024,8524.09,217.47,6031.29,18,73.81
79,OD57MQ43KY,10/04/2024,5673.13,434.57,1179.18,218,162.78
80,XD26XA52VS,11/11/2023,3005.54,359.61,3415.2,827,57.37
81,MF11HK50NX,13/05/2024,6418.04,1789.88,2122.61,703,70.27
82,LH64DU06KZ,14/01/2024,7027.24,593.28,2617.46,762,189.74
83,TN86SB93PX,13/03/2024,1679.36,165.16,7986.37,432,183.4
84,WV06DA50NZ,16/11/2023,5988.2,844.24,6964.34,972,196.99
85,WS19MA05BS,07/11/2023,3708.55,981.55,75.7,373,6.1
86,ED23YG71KO,11/05/2024,6042.93,85.49,1009.48,646,40.51
87,FC89CS01LN,04/11/2023,4508.53,1290.4,4114.19,225,167.42
88,JA35HK87MJ,28/02/2024,8750.97,673.51,6820.13,510,83.64
89,GP51AK90CP,07/03/2024,6089.65,1298.31,4669.3,199,197.81
90,AL16TQ37IE,20/05/2024,7388.81,320.58,6222.39,457,51.13
91,YX85OW51NL,14/03/2024,513.97,1801.39,2781.86,494,61.83
92,BH12HP33KL,02/11/2023,1103.83,1809.2,5620.64,812,171.36
93,KM62JV33EV,07/12/2023,2630.15,1665.61,1279.76,953,104.28
94,HW56CU77EK,11/02/2024,6327.68,213.06,4376.1,137,6.79
95,OK58DM51RP,30/10/2023,7952.5,827.26,2853.42,426,13.73
96,YT06IR37PQ,28/03/2024,6925.13,359.94,799.99,826,24.89
97,XN02XC78RN,23/02/2024,4275.95,53.53,6581.71,99,7.87
98,OY50OK26SE,29/03/2024,4541.22,944.35,2930.26,479,124.35
99,UG58KA64RT,23/11/2023,5919.06,1516.44,365.1,64,145.28
100,LR04DT81YJ,14/04/2024,261.08,451.29,2635.3,460,184.7
101,LY25XS59IC,25/04/2024,9687.97,474.9,7277.1,147,44.72
102,SS03GF79EC,05/02/2024,9213.77,1283.49,3071.12,565,42.93
103,SI83GS69MH,18/01/2024,1515.85,880.42,2634.45,454,153.6
104,QV53XF95BG,21/03/2024,3426.77,154.26,1918.34,683,99.54
105,DR48JW53GX,08/05/2024,9117.91,808.73,4000.17,516,105.97
106,JD67HP25DX,11/12/2023,4614.95,1191.26,4204.21,969,114.03
107,NV81VU96QA,01/02/2024,2134.96,1522.56,6959.12,291,33.94
108,KI16SA20TH,16/01/2024,7604.3,325.16,1978.22,248,5.02
109,DM10VN71RG,12/10/2023,8240.47,21.75,2392.38,853,143.81
110,XZ08LV57DX,25/11/2023,1421.74,1959.87,1904.35,561,146.94
111,CX85KJ47LC,17/12/2023,4920.16,107.51,321.17,998,145.99
112,CP16TS26UA,11/11/2023,9223.32,1203.13,6562.51,223,164.07
113,NO20QQ10BV,04/11/2023,7500.02,137.32,3234.52,682,40.3
114,AZ74SK60QH,08/12/2023,8148.41,1076.27,6808.1,499,159.06
115,HU37BA57XE,28/12/2023,5044.23,1285.5,1238.34,676,92.12
116,ID58JJ53MC,28/12/2023,5046.64,1789.54,135.35,568,67.92
117,ZB12AC73TB,07/12/2023,1944.07,1144.94,948.13,445,191.43
118,HM29VI47MU,25/10/2023,467.81,191.56,1248.08,306,89.18
119,MT99RR46TJ,04/01/2024,6113.49,717.0,7514.29,155,131.83
120,GU45XF97QX,31/01/2024,1283.55,275.82,7912.95,996,136.91
121,TV41RS61UF,10/10/2023,4941.83,424.93,5467.48,502,86.61
122,AY41PD81JE,27/10/2023,3199.16,1050.42,169.08,299,19.59
123,CF05CZ95NL,10/10/2023,3190.02,1931.54,5080.07,476,186.03
124,XI19SQ65LW,22/03/2024,4683.69,378.39,5605.68,786,7.15
125,IR67GV29TF,04/10/2023,2121.23,1228.71,6177.03,28,162.65
126,DJ76DP89LU,03/01/2024,9978.48,284.12,5515.26,336,8.69
127,QG91SE44LO,10/05/2024,1159.31,1124.8,902.11,894,74.2
128,LF94GD49AY,03/06/2024,4830.48,1233.85,1224.53,401,146.92
129,LP93XD49WW,15/04/2024,7733.46,1993.65,654.93,875,171.97
130,VV08CJ21TK,15/12/2023,4880.4,1471.54,1756.63,376,79.45
131,EY90YH29RE,26/10/2023,4641.16,206.96,5030.08,750,192.09
132,CR66TJ64TD,03/12/2023,9533.6,490.43,7274.98,248,58.6
133,HS08TE62AL,22/11/2023,1711.88,458.57,6062.69,596,72.96
134,ZZ47HL58MH,18/04/2024,4701.52,479.89,7456.54,2,199.66
135,RR41TI55UB,02/10/2023,6066.85,1704.38,229.17,447,29.96
136,DB89VA09FP,05/02/2024,4466.58,87.63,2105.76,607,60.28
137,SQ86VX32PC,05/03/2024,9583.04,838.12,3631.62,675,104.3
138,TB55LY76OD,25/04/2024,7713.1,357.34,6279.16,277,146.22
139,JL55RR88JP,17/12/2023,1713.63,515.41,1931.19,711,124.65
140,TI29CA78GB,19/10/2023,8842.68,768.89,7909.85,619,21.87
141,LZ69SI37PQ,06/06/2024,6971.71,996.75,2706.07,195,39.49
142,EK25TA11GX,31/03/2024,7130.93,422.05,1407.66,736,36.4
143,EZ72PB06AF,26/05/2024,3714.66,414.82,7602.92,28,91.26
144,JR74PA94UZ,24/10/2023,106.38,281.1,6808.5,904,168.4
145,NM70RX04FF,13/04/2024,4538.66,1558.02,4905.69,570,49.65
146,ZL54FL49PU,24/04/2024,3226.29,1214.3,1007.27,788,158.7
147,QM54PF94VK,13/01/2024,1862.85,1826.25,5739.81,353,170.46
148,PZ66GT38CF,04/02/2024,511.44,1880.03,754.3,35,27.52
149,UJ16WC12AB,26/10/2023,7635.12,374.14,1556.71,703,136.82
150,EB27MS52QB,12/11/2023,7132.74,128.52,5565.02,819,50.19
151,WA22MD25JY,24/03/2024,5936.89,1814.46,6559.38,877,50.64
152,VR14SX20IB,21/05/2024,4708.57,1861.28,5074.8,315,184.68
153,DU63JA06EF,18/10/2023,7419.74,151.92,7095.46,101,99.4
154,AY81JS40XS,02/02/2024,8711.8,1529.4,2781.91,338,44.59
155,YZ74BN06WX,16/10/2023,6407.03,24.69,692.32,152,155.02
156,TD56XA64VB,15/03/2024,7699.76,421.56,4671.78,47,49.98
157,WG43KW76MC,15/04/2024,1676.95,768.51,750.75,264,94.98
158,YZ76MF23PB,20/01/2024,7366.84,1032.87,6538.09,836,187.57
159,BA00AT65LJ,22/10/2023,6124.82,445.16,3490.71,705,98.51
160,LX94CN10VK,13/03/2024,2738.61,1186.53,3223.14,736,66.33
161,WD90PF85SY,02/04/2024,5838.29,220.98,490.57,79,70.23
162,VP64SU93IF,15/12/2023,6072.33,1913.73,202.77,132,2.98
163,EW13KF74MO,24/03/2024,7305.56,1164.67,1941.6,754,131.5
164,LW32UC03FY,11/05/2024,5772.65,1594.68,2994.91,450,112.2
165,GJ79PL20LD,29/02/2024,9345.05,109.44,6080.47,824,161.83
166,IY37JG51CK,03/10/2023,6817.05,1499.61,1543.75,195,157.06
167,WT62XF81OX,21/10/2023,9039.45,1640.53,7522.09,185,171.14
168,UM74WD95BW,29/02/2024,1404.41,1439.42,5442.98,788,2.93
169,WU19KL63NK,23/02/2024,4001.48,1894.59,2614.89,334,155.13
170,ZM42DJ86AY,12/01/2024,9968.74,331.5,1759.28,273,107.02
171,QM38AO81XV,11/05/2024,1576.26,413.8,2402.52,456,193.78
172,NS79IL88NR,20/11/2023,9904.61,469.62,6023.94,244,175.9
173,LX88MV18UO,09/12/2023,8443.69,1479.74,4160.0,245,133.83
174,JU04YB58UH,02/03/2024,5718.95,518.57,4860.0,334,44.62
175,XW18EN29TQ,06/11/2023,2153.28,46.89,5332.41,867,84.06
176,UU46UC56EB,11/11/2023,7223.09,1517.81,6136.03,153,162.94
177,NU22CP67RV,07/04/2024,7527.0,1142.22,4985.91,708,161.75
178,VZ30MM89SN,16/03/2024,3263.84,335.35,1920.74,486,8.04
179,GN47OX21FE,19/11/2023,4097.64,1206.09,3470.42,377,21.75
180,HD29WY49QD,16/12/2023,5499.47,796.68,3401.0,925,89.18
181,MK45TM29ZM,11/05/2024,1277.06,830.95,6633.9,573,13.85
182,VU62UT06MN,25/01/2024,4849.19,498.11,2321.38,859,89.15
183,MV25RO80ZR,18/02/2024,3368.53,1836.34,1391.7,0,55.89
184,JE57IW66WA,28/02/2024,6553.03,646.33,2148.44,281,98.29
185,AL21NE25YP,28/04/2024,7117.3,1255.62,1377.91,589,196.3
186,SO22TH91YL,07/04/2024,6272.89,1164.4,5767.75,587,123.71
187,HI68EU08VG,20/11/2023,3445.03,1636.0,5349.75,592,99.83
188,GI28DT04BM,13/05/2024,6672.86,1988.27,4036.6,355,20.05
189,II27TS83LE,23/02/2024,6557.34,1168.8,4215.0,539,82.3
190,WU21DW53RW,21/03/2024,7515.07,1184.73,934.91,693,188.6
191,ZU30JF74FK,31/01/2024,3293.99,1657.32,7619.3,528,189.86
192,IF20UI03IU,22/10/2023,6181.79,549.35,732.31,488,129.43
193,JH09RZ51AJ,18/02/2024,2880.9,1351.86,1314.13,976,94.75
194,XI04WK60SH,06/04/2024,3890.58,708.69,4561.1,365,67.52
195,RT59JU29ZS,06/10/2023,8548.49,663.55,5519.07,515,117.57
196,YP42GY97IZ,29/10/2023,4497.55,1131.36,1878.07,11,83.17
197,DG39HR05OM,06/06/2024,6780.33,99.42,3846.18,858,120.67
198,FM93IS66TK,15/10/2023,996.6,599.11,7906.18,757,136.42
199,XL49AO40BZ,10/04/2024,5542.25,1149.67,6476.8,408,154.3
200,OK53IU40DC,09/12/2023,7984.13,71.4,4565.29,685,37.66
201,PG51IR73DR,19/12/2023,5188.0,1338.06,7350.65,34,154.89
202,HA41AU02CN,28/12/2023,4859.75,1361.27,5997.4,494,39.8
203,IK47PQ82AM,04/06/2024,7537.61,473.51,6372.23,177,1.08
204,ID43ET81GV,24/05/2024,2237.21,1102.54,1593.34,128,121.17
205,PS62GD29UY,19/02/2024,8724.22,1340.89,3864.47,381,134.31
206,IH05OS72BO,03/06/2024,3531.36,429.1,6208.05,650,197.16
207,FS31FL65WF,21/02/2024,538.62,1356.81,7130.1,878,197.84
208,AM89IO49YI,03/05/2024,9226.96,1503.69,1528.33,976,42.18
209,CK87DJ75SG,16/01/2024,1294.45,526.41,7324.54,804,36.65
210,RG49OU02AX,11/03/2024,16.77,1411.21,2256.93,379,140.16
211,VO64LW45ZB,06/11/2023,3520.99,1799.85,7564.12,728,177.31
212,QF60IJ92UX,15/05/2024,3655.57,672.72,7002.46,232,18.79
213,EO56TS60IC,26/12/2023,6490.12,848.02,5832.89,873,16.94
214,RJ56QW42FA,10/10/2023,5012.02,1365.37,6040.24,257,15.1
215,NV95GQ81MB,22/12/2023,5642.11,1513.75,4073.26,781,73.45
216,PK77NG15VA,22/03/2024,3124.11,1204.8,287.05,472,124.45
217,HG10JK17CN,19/02/2024,6016.39,1515.26,6882.9,696,60.69
218,RF88WW51KW,17/11/2023,5667.94,1971.19,725.57,353,70.77
219,OC08HK18LT,13/10/2023,6604.41,1045.04,2349.48,619,21.93
220,DF67QM28RM,22/11/2023,7862.89,1432.91,3374.29,632,135.57
221,DB59VG15XG,20/12/2023,4260.92,1040.06,1942.53,756,81.96
222,DG70LQ13YG,04/02/2024,1459.66,103.2,7491.3,267,56.65
223,ZC93ZI33QI,06/06/2024,2911.58,32.69,2661.01,439,192.83
224,JU16JD78KV,09/02/2024,6092.97,1007.48,37.0,485,120.81
225,XO78HY67KH,19/05/2024,8751.55,1780.84,4468.22,49,99.4
226,WP81UU21AT,23/01/2024,102.15,969.81,230.92,668,52.2
227,MK87ZN49HC,08/10/2023,2890.5,1159.42,7427.82,139,176.64
228,RQ79PN00BA,24/12/2023,813.87,346.47,1725.05,144,5.19
229,PI41AA31KM,05/01/2024,9395.62,1065.96,7327.54,966,140.91
230,EE93JS86OC,05/03/2024,8025.19,1347.26,1367.26,878,156.03
231,ZH21EL89AB,14/01/2024,3457.02,1268.83,5516.3,688,82.29
232,EP95JI98HU,24/02/2024,3345.89,524.67,5764.6,646,63.43
233,QV70KY28KA,07/01/2024,2134.16,1008.35,6042.58,842,163.31
234,VI93PU99YW,04/03/2024,9186.06,1435.06,4918.05,357,1.41
235,AS03IU47AT,14/11/2023,5956.71,1845.96,5488.04,41,139.67
236,XM38LW37KV,06/10/2023,3116.96,173.98,1804.01,650,64.88
237,JH24FA52HZ,31/10/2023,8239.56,1282.52,7156.11,315,132.29
238,ZB41MG25XX,22/03/2024,6322.44,603.49,2973.0,856,46.37
239,EU43OR68NJ,07/03/2024,8849.32,1933.27,3284.13,787,167.39
240,WR11SA04LF,17/10/2023,4797.99,554.1,4627.83,116,147.64
241,BF58PB54SA,04/12/2023,2733.2,673.83,758.59,396,94.82
242,VL89PN15YA,08/06/2024,9573.86,1590.35,7999.19,700,69.23
243,FE08YY25SK,16/04/2024,9874.51,846.63,4947.69,535,85.23
244,IY39VT14HP,06/12/2023,6377.86,1137.8,4655.55,396,192.68
245,DS43HL24RZ,10/10/2023,232.55,1597.48,935.85,51,17.25
246,ZB00KQ28GJ,09/02/2024,1332.82,1475.19,2897.79,379,181.6
247,IM58IR45NU,07/12/2023,4234.74,288.2,5998.72,716,36.9
248,FW77ZY02TN,15/02/2024,4298.01,118.39,5399.26,261,109.88
249,WT61RE27QY,14/05/2024,5880.41,974.3,4933.03,746,86.58
250,VR96IM81VF,03/11/2023,854.61,1836.68,7290.19,258,190.14
251,RU92OC75EI,05/06/2024,8358.95,1090.31,7129.28,296,167.17
252,BT67FT32JT,04/10/2023,5675.85,1121.94,1027.2,62,126.25
253,JX20NK65CX,15/10/2023,4073.34,881.51,3145.9,80,68.35
254,CJ06VU75WC,21/10/2023,6308.78,707.36,4015.04,499,54.35
255,QT89NL19II,29/03/2024,8044.21,1930.8,402.75,514,77.8
256,YI21KM10CK,25/10/2023,5461.57,1597.81,535.8,760,149.16
257,SO17QW68AC,21/03/2024,520.51,502.2,3009.91,299,122.42
258,KQ42ET31FC,08/11/2023,2426.49,755.63,391.49,39,8.31
259,ZW02DE32XX,05/12/2023,950.96,492.25,6387.16,799,149.18
260,OP02WD81YO,06/12/2023,2239.16,459.8,484.86,358,4.17
261,LF26PA12HR,22/05/2024,3372.65,388.93,7503.03,857,101.26
262,TU83KF79UU,22/05/2024,5110.23,1061.46,3323.25,31,193.63
263,BO23ED70GD,08/04/2024,8666.75,1517.91,1339.93,839,92.03
264,TL12QE36DI,09/04/2024,3643.32,978.79,5831.96,460,29.2
265,FI31CP29KR,19/02/2024,1715.72,1498.53,760.79,232,162.61
266,VO12XR03RI,07/06/2024,8219.02,348.3,5019.44,361,177.14
267,KR03PN67WQ,03/02/2024,9231.09,116.7,6066.63,318,133.15
268,UA37VF81QT,25/04/2024,3970.03,1640.73,7698.33,976,6.49
269,YB90FF54IK,20/04/2024,1748.94,892.27,2261.69,558,149.62
270,SO90BY94IE,19/04/2024,125.14,1468.05,7260.18,320,197.18
271,WL56LA54YD,13/02/2024,7453.88,1825.53,7402.67,311,24.03
272,HI04EF74TW,17/03/2024,461.6,1981.6,7945.73,594,143.56
273,SQ36TR30UK,25/05/2024,8324.01,1582.43,5000.74,980,8.57
274,JD10CD58EA,02/03/2024,2062.5,357.49,5635.82,185,69.14
275,WK10QC48YM,22/12/2023,8144.42,1256.14,1570.7,202,102.73
276,AT95LZ77ZY,06/01/2024,9147.75,675.7,237.08,327,58.8
277,SX98IC25RA,26/01/2024,2639.85,164.62,18.5,853,142.92
278,HR02KR56HX,14/10/2023,1575.6,622.69,5887.33,660,137.68
279,HT81MV80WP,21/10/2023,771.87,1234.06,420.24,338,32.31
280,KV52KH62HZ,09/11/2023,3879.69,1949.72,3565.03,379,144.0
281,GP24EZ39QP,15/02/2024,1251.81,477.01,3328.4,143,63.41
282,EK93AF28QG,09/12/2023,8189.36,765.84,2089.57,953,121.71
283,SI42EZ61XU,05/06/2024,238.12,51.09,4266.03,17,84.55
284,SU50AJ32DH,18/01/2024,3925.44,255.48,7925.1,583,101.28
285,WX84TW23QS,01/11/2023,9373.94,1974.29,4983.15,587,96.16
286,GQ56WV46DV,23/03/2024,8155.09,1171.34,4022.41,436,47.27
287,KE88ZH65EV,17/10/2023,6621.56,973.9,3908.45,19,139.61
288,RB37MQ12SF,17/03/2024,5015.32,1284.8,5846.21,224,188.28
289,HB05BI03BN,29/02/2024,7402.83,1673.53,1398.25,128,59.17
290,WI46QA25MJ,07/01/2024,496.26,49.71,6497.9,988,20.39
291,WM22JP78DQ,02/10/2023,3597.18,334.34,5335.5,565,132.23
292,CO59MN45JE,19/04/2024,4776.14,1289.41,1434.58,465,50.07
293,KE28IV67ZZ,30/04/2024,1339.18,281.77,6375.92,398,179.28
294,QR15GO53KM,27/01/2024,8702.41,1556.57,2597.38,372,43.65
295,IX06UU44JZ,01/12/2023,7381.99,434.33,3851.41,509,34.14
296,AR27UC45HZ,08/03/2024,6812.09,1709.32,5118.84,868,143.59
297,SM61AL19CQ,19/02/2024,3524.62,987.08,2875.81,351,91.19
298,XH41FU05IX,09/01/2024,2595.14,1859.12,5267.2,422,22.98
299,AT75WP47RO,08/10/2023,8398.13,388.99,5487.23,960,23.9
300,XO03QN48HA,01/02/2024,4435.58,789.67,3486.09,987,65.31
301,FE32DW61EQ,01/06/2024,9237.02,1784.63,1477.44,993,144.33
302,PZ64AF23FR,11/05/2024,7097.18,176.57,763.71,631,193.12
303,FI43RL72CO,29/02/2024,7831.86,1183.61,5196.47,789,146.22
304,AM67VU95JQ,19/10/2023,2724.39,856.34,6783.21,786,199.04
305,PO69NW36AU,08/11/2023,7400.23,305.33,6990.24,417,183.67
306,YH74OA12TH,25/05/2024,5799.92,538.19,369.57,3,47.72
307,ZH53TH59PW,11/12/2023,3625.52,1067.52,1705.49,366,91.24
308,QZ37JR30QH,09/01/2024,4471.91,1531.9,3241.4,903,23.03
309,JT33FB82IK,07/11/2023,8332.04,1230.34,5389.5,107,148.45
310,ZU47IA52HV,09/01/2024,2601.02,1612.86,4960.09,515,141.01
311,UL56WP89NE,25/10/2023,4007.87,710.81,628.92,3,107.89
312,II13GL71PD,20/01/2024,1917.45,145.86,1038.58,541,65.2
313,CW96LP74QK,27/10/2023,8530.17,204.75,5167.66,550,129.68
314,DE66YX63XL,24/04/2024,7528.22,1387.45,6788.51,960,93.98
315,OP20SU52OB,01/11/2023,6971.48,1701.23,3661.79,623,168.89
316,RD04NT24LH,07/05/2024,4736.1,827.86,921.54,348,31.68
317,GG19JT10LX,22/05/2024,8017.57,902.75,3886.2,876,10.37
318,KQ25UF99UJ,11/05/2024,3289.95,1380.15,5351.38,205,166.73
319,KJ18XS73OR,12/03/2024,2754.7,695.05,2300.57,563,190.49
320,GJ35US51IF,03/04/2024,2954.31,1718.24,4336.08,557,189.91
321,SR77FH28PF,25/10/2023,6753.08,1963.57,7235.31,878,114.88
322,HI07XK31WQ,11/01/2024,9534.51,567.65,4753.14,585,28.58
323,GC99HI95NN,27/11/2023,6733.18,1446.68,2258.73,993,178.48
324,VH41QP09EB,15/12/2023,4211.97,725.81,1291.44,301,32.74
325,WY69MF83IM,30/04/2024,9120.04,60.88,3071.29,216,74.26
326,KB23SI82JJ,13/03/2024,3765.25,836.14,6249.11,4,115.21
327,XZ39MV52PD,05/11/2023,198.35,896.02,2222.36,543,77.21
328,FK73HI31PR,21/01/2024,6910.62,1270.65,2390.73,540,179.02
329,PA78AP70PJ,13/03/2024,738.39,1969.3,7057.05,33,128.88
330,IC95KJ11PM,04/03/2024,1152.04,638.99,1380.7,811,196.05
331,JG07WL67LE,29/01/2024,2571.63,1178.99,3483.17,520,117.4
332,JP64WM56ZT,19/02/2024,5242.67,521.24,3480.84,945,128.04
333,WB56RW98ED,16/11/2023,8326.73,848.63,939.78,757,45.26
334,EW44VB79YP,14/03/2024,6981.1,302.21,2994.3,990,142.79
335,XW33WS66VF,06/01/2024,6289.84,842.66,5193.79,269,151.95
336,SU42EV61DX,12/03/2024,1257.14,1788.15,663.83,319,171.14
337,DA90TH78XY,06/01/2024,7219.89,1302.27,1165.47,335,28.67
338,UZ30NQ58PI,10/05/2024,7108.57,1826.07,3324.78,941,46.18
339,OV14VR09IO,03/10/2023,4754.3,789.7,7615.44,322,116.72
340,JQ24QQ68EK,21/12/2023,2059.13,293.72,2447.13,696,20.67
341,RT16YN45AC,31/03/2024,563.84,730.59,4049.48,186,57.08
342,CO71EU15CT,14/05/2024,1671.52,1287.74,2350.01,319,131.69
343,JO45NX65WH,29/12/2023,291.31,1365.9,3726.1,851,81.21
344,DG71KZ17IR,27/01/2024,69.96,1111.8,2043.14,862,144.33
345,ZX75BT28ZX,29/03/2024,170.96,218.28,6519.39,32,120.78
346,CO04XB36FF,15/10/2023,6417.51,1051.27,4715.82,928,6.49
347,EV15ZU33FP,23/01/2024,7997.45,1799.27,3186.7,29,59.44
348,IA09BK51XZ,25/04/2024,84.41,1247.13,7777.24,334,104.34
349,TS74IR76MT,12/10/2023,7508.53,1147.1,1123.98,859,41.14
350,IZ93IL02VV,20/03/2024,9710.4,1391.24,1111.02,806,187.83
351,OY99TQ33TM,05/02/2024,3539.75,1042.18,4059.23,809,177.6
352,QT30SD87DG,11/05/2024,9981.83,1560.26,571.95,738,0.92
353,OR15AI76GM,13/12/2023,5231.12,1854.04,136.72,366,127.03
354,CY61DP46KO,06/05/2024,4248.59,1857.77,2350.89,125,160.28
355,GH42AJ80WE,09/02/2024,4225.32,1295.91,2672.21,822,156.7
356,YR84FD59JM,15/02/2024,8312.93,791.3,4397.48,707,136.94
357,YW49ZI49YU,27/03/2024,8628.68,1609.22,4937.57,113,142.94
358,VM62WM43PI,23/05/2024,5640.63,118.91,5639.31,806,22.76
359,YR19XS78GD,27/12/2023,6708.37,57.66,7554.4,923,53.53
360,FP40WN55LK,11/01/2024,7807.91,896.47,4030.89,887,27.57
361,IO21FE99JD,08/11/2023,4334.01,1453.51,1786.23,48,68.78
362,OA49DT22XD,13/01/2024,1758.84,124.98,3880.2,268,59.22
363,ZI62IC03IO,05/11/2023,1150.35,1662.56,2510.16,24,37.75
364,VD43UB76XC,06/04/2024,1654.42,632.75,1112.84,994,97.45
365,IA37GO42AL,12/12/2023,2221.45,1671.2,6796.27,994,97.1
366,KX95KL67UX,31/03/2024,9252.94,175.17,6357.04,212,63.47
367,GW03XA85EN,08/12/2023,1870.87,1168.49,3978.77,140,1.43
368,MG39IW01FJ,02/04/2024,1216.77,368.68,6914.45,709,2.06
369,PT78VV42HP,07/11/2023,7382.35,632.4,1274.38,183,83.93
370,OW98BE71GU,12/11/2023,5978.94,1704.75,4841.31,403,86.79
371,WQ51KN06BI,12/03/2024,6218.78,2.78,3681.84,796,165.41
372,AX37LT01TJ,02/06/2024,9182.49,1999.82,3739.01,356,120.35
373,MI17BW20RB,05/12/2023,9336.25,341.11,4891.9,136,94.5
374,AW91DY03QE,24/11/2023,894.51,1968.26,5820.49,667,107.77
375,DZ04RV14NF,18/11/2023,150.05,1485.67,5929.47,114,6.07
376,ML65LQ57ZE,03/11/2023,3321.2,70.97,4662.96,381,184.53
377,NB67XY14GQ,20/02/2024,7471.05,1171.32,2460.33,299,59.66
378,CU35PU92FI,20/12/2023,4000.44,540.18,7083.63,105,113.47
379,XC20FY22LQ,20/11/2023,8274.29,1236.56,7864.1,843,165.31
380,MF24BV10AQ,12/04/2024,2363.09,1857.79,2278.25,501,100.3
381,JP66RO74KU,27/05/2024,1312.54,1058.39,5292.88,661,143.26
382,YE37YX10KJ,29/05/2024,1174.93,190.26,4459.48,95,7.81
383,HW36IT21PM,09/10/2023,3701.0,66.69,3908.74,513,174.71
384,YE97VN56LS,30/01/2024,8299.42,1549.66,4377.46,604,190.95
385,UH21ZU88PH,11/10/2023,6741.29,1341.45,2425.51,623,33.27
386,HB05EY55AZ,23/02/2024,2868.32,1403.68,3953.63,810,1.82
387,XD21RG39RR,26/04/2024,9513.12,1586.61,5743.22,712,189.02
388,CJ29CC54IM,23/10/2023,1133.68,1920.73,3475.58,443,144.15
389,TY18PJ05SI,30/11/2023,4181.88,1926.5,1887.88,408,80.17
390,LG76YP05CG,22/04/2024,7003.11,1969.93,1775.45,199,57.35
391,MI14ZP54DF,12/03/2024,3274.01,1045.68,3616.26,115,174.32
392,CE29BK56BQ,13/11/2023,8320.89,1905.6,7350.68,836,113.39
393,HB12KB61PB,01/04/2024,7701.04,531.66,6317.36,526,17.64
394,HL31EV99TM,15/10/2023,7365.94,974.33,3269.18,126,73.42
395,UN06PS39VT,28/03/2024,2939.97,1828.78,1643.44,699,26.03
396,FN63VG62DK,29/03/2024,7280.36,1454.7,4922.39,3,179.02
397,UJ03TZ40GP,15/03/2024,671.0,304.77,2481.34,545,108.94
398,UY28IG29CW,29/10/2023,1401.84,301.73,3129.88,911,62.17
399,HE95CL95NM,30/01/2024,3500.58,1430.17,7975.3,101,0.99
400,VY88OX79BD,02/02/2024,9957.58,1645.31,6718.75,776,79.02
401,CO70XW80LE,15/03/2024,5373.62,332.9,7098.37,341,32.86
402,GO63MN65EF,12/02/2024,8470.5,1543.57,994.67,952,0.79
403,BD26KN28TC,19/11/2023,7738.9,1265.94,1874.54,420,19.66
404,BY36QW91NJ,29/11/2023,1816.78,1487.53,6287.81,762,187.35
405,QQ36OB87BL,20/04/2024,9127.68,716.38,4370.26,17,2.49
406,GI71NO50WL,29/12/2023,4568.19,609.7,5876.36,698,79.35
407,CE26MI92AL,19/03/2024,935.33,1247.2,6193.93,970,117.25
408,ZX67TD62SB,17/02/2024,569.73,964.62,79.26,859,130.89
409,FU11VH32IC,05/12/2023,8465.92,1929.61,7738.93,746,86.05
410,NC79HH90XW,01/04/2024,5530.76,290.53,930.26,32,140.71
411,FT30ND79CE,01/01/2024,2851.56,1154.41,6006.88,721,81.07
412,XF63QC04AD,28/03/2024,8378.26,1799.58,7222.92,95,11.68
413,UW32VF64RJ,28/11/2023,6045.17,1121.57,5666.46,878,49.34
414,RB38SP50IY,06/12/2023,8266.44,962.31,950.25,22,0.07
415,FG44BB53TN,11/02/2024,1611.85,1033.6,1548.45,260,44.15
416,XR84FD25ZK,25/11/2023,532.83,130.09,3312.45,63,65.11
417,QN86KO15HL,04/03/2024,1925.52,376.52,1247.21,694,98.75
418,QO42QZ14HY,09/11/2023,1862.28,1601.18,3786.21,793,19.66
419,CR27EF08FO,25/04/2024,2225.42,1165.51,2574.82,285,101.86
420,KF81OL16NA,03/03/2024,48.85,1158.4,5928.25,291,104.52
421,JD87MG65AQ,10/04/2024,6966.62,1663.98,4304.9,882,13.03
422,IH08VQ62LZ,20/12/2023,3029.16,1066.72,4229.52,292,27.3
423,ZQ21UF63HY,06/02/2024,7947.03,1683.22,2042.7,948,21.91
424,GT52CG79SA,15/01/2024,4717.64,1815.38,1450.42,329,165.57
425,RE82IS10BL,26/05/2024,6411.61,273.13,6572.7,761,161.65
426,RK27PT22LA,13/02/2024,8503.34,1798.24,7630.31,777,7.18
427,HY26UX81FJ,19/02/2024,8444.62,35.24,2373.68,465,84.31
428,FQ87KA76BR,29/01/2024,6295.87,680.06,6154.74,545,167.92
429,KT11RS79TD,01/06/2024,6210.46,1654.58,5820.17,48,143.7
430,LC85TQ18NE,10/12/2023,4700.38,1107.34,2637.55,982,48.97
431,HG26ID30DM,03/06/2024,2695.06,1083.0,864.41,112,2.19
432,NQ19AT53HY,24/01/2024,4688.02,211.28,68.48,675,54.59
433,AI34VF22HM,18/11/2023,7970.75,1981.54,5783.98,455,120.69
434,KS71LU84UE,25/01/2024,455.55,1545.34,1430.18,581,93.9
435,KL03EB54GS,21/04/2024,397.9,1830.31,7899.92,586,112.3
436,OP48VO22HJ,08/02/2024,4791.41,22.65,370.16,658,171.36
437,AF28LU88WA,05/04/2024,8139.54,429.02,796.14,159,173.73
438,QZ25AB36VR,31/01/2024,551.04,901.96,4534.16,17,192.22
439,LQ80JP19EM,15/12/2023,6649.99,28.17,2362.14,288,23.62
440,IY56XN99HH,24/04/2024,4732.28,180.86,4305.81,315,16.84
441,JW91OH21JN,25/11/2023,5368.24,885.47,4817.06,302,101.92
442,VP74UJ43JE,27/04/2024,6624.5,119.41,2190.26,643,41.01
443,GV84JM50LO,22/01/2024,7937.96,584.31,684.54,627,52.81
444,ZW70GC77EM,10/10/2023,926.04,190.39,4766.38,585,10.79
445,EB66IN34RO,04/06/2024,7985.97,176.6,3561.17,843,59.12
446,PT43YO22TR,01/04/2024,4588.3,541.61,3195.38,449,155.97
447,JI79LC42HJ,29/05/2024,749.31,1864.68,1896.72,329,117.51
448,IZ37QI94EZ,03/01/2024,3235.94,666.57,1431.28,511,111.1
449,ZP51BB64EK,08/01/2024,5480.38,430.17,635.73,696,120.9
450,GG73BM58LH,29/05/2024,1091.78,1109.0,975.2,978,126.85
451,JO68GQ15IZ,09/10/2023,2002.21,1072.45,1012.93,912,162.03
452,DV29IE55WX,04/01/2024,1402.43,235.7,7682.72,937,110.33
453,SQ92ZE13HL,29/04/2024,9352.32,1237.65,574.32,995,193.67
454,TO96ML96DS,07/05/2024,8791.71,687.51,7225.45,923,52.49
455,SJ99QV76HE,21/02/2024,6800.08,301.99,4911.19,411,144.04
456,QQ39CX54BU,02/12/2023,6730.85,945.77,7571.84,669,146.24
457,IK91UE98BY,03/10/2023,6318.72,1820.21,1310.44,916,96.01
458,MV67UX97AY,24/03/2024,9559.15,531.91,3655.01,455,189.25
459,CO04CN25BM,07/06/2024,2713.74,1432.27,6757.76,359,93.85
460,OI60QU17PM,09/12/2023,9666.49,1169.89,6837.07,980,135.7
461,XQ13NF73NJ,29/05/2024,9182.92,1478.19,4906.83,345,21.64
462,GT19OR76BY,31/10/2023,1496.97,400.32,1663.49,901,32.45
463,ZK58BY96MX,17/10/2023,6498.69,402.66,3889.34,68,42.67
464,KL06RB61QQ,22/10/2023,9515.52,589.21,6923.05,517,146.68
465,LU77WR42WI,05/04/2024,2799.99,146.69,2684.6,904,142.45
466,GJ34ZM41JN,28/11/2023,4581.5,1070.87,4922.43,306,105.29
467,NP40XW42BZ,14/01/2024,2546.94,1764.26,1338.7,993,157.35
468,LF21NP45RP,07/12/2023,87.91,1227.81,3252.21,561,92.81
469,EC67MJ54JD,25/05/2024,3529.51,1526.28,1591.51,265,1.33
470,AH06GW98KL,23/05/2024,637.94,1473.14,4542.97,784,121.31
471,VH37AW27NM,12/01/2024,9754.82,722.85,3357.05,833,112.48
472,VJ37PZ39OA,19/10/2023,5821.17,569.01,183.8,331,88.56
473,QX90RV00UO,23/12/2023,4175.05,87.42,7992.29,983,192.2
474,NQ54TK77YM,16/12/2023,9657.97,1900.03,4953.01,951,87.24
475,XK92WH70QR,18/01/2024,4270.79,518.45,5628.7,42,125.34
476,DQ97VO16MJ,29/11/2023,949.89,1635.89,848.17,565,88.6
477,TO63AQ21CM,10/04/2024,1139.58,1016.47,2385.27,749,39.74
478,TY84VC29NZ,26/12/2023,6093.01,268.02,7488.08,460,98.71
479,ZG68LN50KF,08/04/2024,3025.53,1525.81,5417.0,261,151.0
480,HK03FK24PM,14/01/2024,8602.13,525.11,5639.09,277,151.07
481,GD60UT65UU,24/01/2024,972.32,374.57,3652.86,264,9.29
482,QK05TA95AI,02/06/2024,9497.77,404.16,5921.3,395,48.0
483,HI15HV42WN,21/03/2024,9207.87,1361.98,2682.8,675,178.52
484,SF47CQ25UH,18/03/2024,5600.26,399.18,6713.54,634,154.95
485,PB57TH66QU,10/01/2024,7362.02,1933.8,4859.8,476,48.91
486,WY37ES71GC,03/02/2024,3874.71,1635.83,7328.7,965,148.05
487,EK54ZR69AD,24/04/2024,5805.94,1274.34,5137.86,249,80.58
488,ER03PM22QK,07/12/2023,517.68,437.37,3323.86,51,35.61
489,CS77QU51RY,18/03/2024,2867.25,1008.83,7803.66,187,110.4
490,IF17YN82XB,04/11/2023,2988.54,1825.38,6691.95,751,33.49
491,BF10KM88IL,16/04/2024,5096.2,460.07,3640.33,83,151.77
492,RW25OA96XB,28/12/2023,2331.23,81.03,7665.79,361,105.04
493,NT03DE32DG,18/03/2024,1523.38,297.22,5656.49,657,3.37
494,GA49GK45RS,05/04/2024,5597.1,97.97,6516.87,315,98.24
495,TV87FV70YE,06/03/2024,2395.77,1742.05,2093.25,128,193.57
496,TK08UK47LK,07/04/2024,4178.79,1441.38,5539.3,372,186.03
497,LQ82KG62RP,30/12/2023,7728.78,1582.47,4952.24,774,29.15
498,KL99NG06NG,27/12/2023,979.49,1160.23,2411.65,386,60.58
499,VC49UP34PF,19/10/2023,8742.29,1124.27,2264.28,680,59.9
500,SX88SK09LX,11/04/2024,7630.14,490.54,200.89,327,131.17
501,XF03WP07MC,01/10/2023,6944.16,1269.54,4637.25,836,167.1
502,IE87TK26WC,03/10/2023,1145.88,913.37,1988.59,190,97.09
503,EQ43GT19II,28/03/2024,3912.58,87.13,7186.79,254,177.28
504,YM99IF04QX,19/01/2024,5731.02,14.9,6198.77,41,109.62
505,GS74VO00HB,24/10/2023,5279.87,1276.74,6854.2,962,189.08
506,HQ81KA58HU,19/05/2024,4687.9,1047.81,680.16,603,57.05
507,DA64UR32AO,17/03/2024,58.61,429.59,536.22,106,148.19
508,OP08JU67FJ,30/04/2024,8151.16,1333.62,1679.42,265,199.2
509,XA07RA96FZ,16/05/2024,4869.12,1826.57,352.45,505,107.55
510,SK53AK61IQ,06/04/2024,3081.23,1915.99,679.48,292,83.37
511,ZC92QS47YX,05/06/2024,2822.2,851.8,1886.94,795,91.73
512,HA41VR05HS,25/04/2024,6980.51,1868.08,6390.64,487,22.95
513,CK56UH54YX,14/02/2024,4379.18,1470.75,5180.73,254,4.71
514,CK88VB82QS,05/03/2024,1295.35,779.19,7962.8,726,131.78
515,YO47GE24KA,08/01/2024,9881.38,1199.49,1566.54,967,12.38
516,ZZ76WQ16CO,16/10/2023,4163.55,421.22,38.29,100,141.96
517,UZ90HT99JV,03/11/2023,4477.68,68.08,7937.11,986,42.48
518,VW32ZJ80YS,11/04/2024,1937.29,1809.53,2688.56,283,4.87
519,YJ42PB94ZI,04/12/2023,9493.9,851.88,4106.28,106,158.14
520,RJ18AA00QX,26/10/2023,5863.5,87.21,5663.03,576,145.82
521,AH44XA68QU,26/04/2024,2035.21,612.67,567.02,249,73.93
522,GC30FG98GF,29/12/2023,8146.69,710.68,933.75,645,79.1
523,BJ79IK10TE,17/03/2024,7043.38,143.64,3720.78,473,65.01
524,UJ83QX23SJ,22/12/2023,4829.34,480.3,6871.29,389,98.08
525,AZ73TT37WI,07/10/2023,4696.38,604.78,4327.03,839,180.31
526,IA47HF02FG,29/02/2024,2785.14,358.0,6648.63,155,86.19
527,JC97VK98JL,19/10/2023,3760.39,1163.83,7555.61,432,169.03
528,UP47AS32EW,04/01/2024,251.83,1266.26,3814.92,203,134.24
529,GE00KB58CR,17/04/2024,1191.48,1192.66,3619.77,759,168.34
530,VY50BF94JE,15/01/2024,5379.05,1645.83,7460.43,761,180.3
531,RY30RB06XM,12/01/2024,366.29,827.11,1346.18,53,76.61
532,AD58LM62SW,10/05/2024,5170.74,1621.53,1176.16,337,73.41
533,ZL92FY56EI,02/06/2024,5268.34,1921.27,1522.74,43,114.15
534,OU03DH07HH,21/02/2024,3874.69,1233.7,7311.26,312,179.56
535,PJ24ZJ22YG,06/04/2024,3967.62,193.51,2752.17,287,71.04
536,MK40AI46EB,15/10/2023,6600.69,1521.98,2984.2,419,128.81
537,OT55TP47SM,30/12/2023,7585.23,536.7,1262.69,817,20.81
538,BR15SC39AI,24/02/2024,2768.91,1453.58,285.01,700,102.89
539,LQ38OI41OL,03/05/2024,3086.36,1423.9,83.36,405,144.14
540,GG83IC44YC,18/10/2023,8484.49,1147.68,4403.81,368,149.96
541,SP63IP97JQ,23/02/2024,4869.45,1797.43,1464.39,228,90.19
542,ON82HK45GI,22/12/2023,7138.65,1446.15,2619.26,970,198.66
543,EV87BM08DR,28/04/2024,4719.37,806.21,2265.22,316,175.7
544,SQ78EI73DD,01/04/2024,1629.28,255.39,639.12,242,62.71
545,FZ84KD95VF,06/12/2023,7367.73,335.2,6398.25,705,116.54
546,QU96QA34YK,05/06/2024,8893.6,315.56,2920.35,283,122.55
547,WF60IJ09HI,25/05/2024,6868.43,1226.23,2724.31,265,145.36
548,GJ48QB01LU,29/01/2024,6093.26,664.46,5220.94,193,126.86
549,SJ98HY42WJ,15/01/2024,349.64,1228.95,2948.28,350,151.49
550,QG98JT51QR,08/10/2023,7464.69,1626.62,3786.49,12,156.46
551,WY32CU97TJ,06/11/2023,6714.82,743.18,2995.43,479,52.3
552,RM28IV85XX,20/11/2023,2619.34,1971.01,6652.06,233,98.82
553,IT82GH49YT,20/10/2023,2408.84,1317.54,1955.0,951,0.08
554,IQ61MD74VF,28/10/2023,6932.41,988.27,4716.89,593,53.9
555,LD06ML03RW,08/10/2023,1713.84,602.45,4362.43,219,27.52
556,OI08SI71SC,03/12/2023,610.08,724.37,5409.34,284,121.1
557,FN78LZ57LI,06/06/2024,5523.72,135.15,6916.33,740,91.22
558,VH60ZT26BU,22/02/2024,3742.06,1163.67,3830.23,337,198.85
559,JD81NY86YA,06/12/2023,2012.22,1214.14,5174.83,533,92.08
560,DA02ZT42ZB,25/05/2024,5641.2,1425.8,4595.19,634,25.04
561,FF59AY57UG,09/04/2024,6245.11,467.0,116.35,701,48.55
562,YJ18XY94XU,17/01/2024,2959.23,1147.72,3485.91,155,35.73
563,SV35SC57EA,07/10/2023,9741.01,231.21,1096.24,987,111.24
564,EX05XY34LJ,01/10/2023,1706.86,1375.08,7650.34,352,180.94
565,DO89OU36IV,02/04/2024,4274.61,1457.97,2250.74,542,8.78
566,YJ70CY56GO,28/10/2023,5974.66,1932.51,1343.0,679,2.27
567,KM29VD82YS,08/12/2023,2748.85,359.4,2133.61,29,21.8
568,DC53MR24AZ,01/01/2024,9832.96,1227.94,1672.59,275,182.18
569,VJ81PY25AA,04/03/2024,8051.37,270.56,6374.55,955,107.66
570,GP49BZ88NX,01/02/2024,3447.27,1833.06,6066.69,689,30.78
571,UY50MW86JT,27/10/2023,7194.98,1001.78,5450.28,844,75.99
572,UA13VY14VZ,07/02/2024,807.37,182.82,4138.96,605,56.8
573,VU13YG19VR,03/11/2023,1079.29,1400.5,2242.36,390,34.66
574,IA97JN85ZB,26/03/2024,994.96,538.68,4218.17,490,172.1
575,MQ12JI23NO,23/03/2024,9849.84,486.62,7297.45,33,72.24
576,FG74DU68YP,11/01/2024,1546.77,896.88,2910.95,299,156.58
577,FO24CV59JI,19/03/2024,818.41,1336.16,760.9,212,132.37
578,HW32QD73QB,15/02/2024,808.77,232.66,3811.8,221,168.67
579,YE82CL66FO,18/01/2024,7873.26,547.34,4520.3,63,18.38
580,GP91TS45RW,05/06/2024,7744.0,1526.13,2944.59,113,86.29
581,PX70RJ13EX,01/01/2024,7028.1,1797.78,1494.0,220,36.47
582,HL72SG31BT,18/03/2024,5483.44,1879.95,5954.07,920,127.47
583,MT59TC07KY,29/05/2024,3197.63,168.02,6319.18,140,107.29
584,RC04UP70GK,20/04/2024,8194.34,986.74,516.86,100,36.51
585,XE07NE07SA,01/05/2024,6017.92,84.19,6931.33,29,41.85
586,MU21QV58HU,06/11/2023,163.1,858.34,1951.99,166,157.27
587,RI11BO11TJ,23/05/2024,5228.77,455.35,4919.08,704,160.82
588,PW61TF72RO,18/01/2024,1190.58,1846.71,5242.47,151,68.22
589,IM88YO08TZ,30/05/2024,377.95,1134.75,491.67,262,9.12
590,NK52SO97ZA,02/03/2024,6756.89,1688.09,2411.81,411,48.32
591,HU90JJ55OW,19/03/2024,6761.29,1415.87,1156.18,708,34.74
592,ET72GR80PZ,29/02/2024,1167.48,387.74,91.75,653,36.15
593,LJ84BN94GK,13/01/2024,379.78,252.3,1477.64,22,193.16
594,XA09YR97IT,07/03/2024,1286.76,1588.68,7684.06,570,75.44
595,FU89LV14QL,20/05/2024,5429.07,684.7,1261.36,688,194.73
596,IA36QW59YP,09/03/2024,9685.35,813.76,2027.05,412,170.23
597,ZA97WL81JY,24/05/2024,1286.17,1206.79,4281.92,271,95.47
598,HL02XS42OT,04/06/2024,1691.22,569.87,2761.69,231,111.83
599,WC39DB49ZI,12/02/2024,8089.76,1951.17,4604.44,236,55.42
600,FG81BO09QG,08/01/2024,2680.07,30.46,7598.37,227,49.3
601,OQ17RK68QS,12/12/2023,4976.2,108.54,5201.47,604,190.01
602,CS67BS09AU,28/03/2024,6457.49,1414.24,6697.26,860,133.89
603,AZ65HN73XX,26/04/2024,3270.64,1897.18,6625.36,920,7.96
604,SM31BV38GT,25/12/2023,9897.38,0.48,5175.55,886,152.42
605,HE06JF60VL,16/02/2024,1111.9,1933.37,5347.77,512,157.04
606,CY72RS11GX,23/04/2024,8679.2,1823.19,861.08,308,102.03
607,QG69HN54VF,15/10/2023,1117.51,1297.31,7183.69,458,113.17
608,IH14GO61WJ,08/10/2023,3668.51,1799.68,4960.65,981,10.69
609,XF67JI47NS,29/03/2024,9719.71,1556.28,3872.56,707,66.59
610,ZL27MV06XY,25/01/2024,3100.09,1305.29,7229.9,0,111.05
611,VK55IY79QR,31/10/2023,3608.57,443.08,7974.85,916,89.83
612,CF21CH92AT,29/10/2023,3284.06,1241.87,747.32,235,53.1
613,CJ84KP99EB,05/10/2023,4413.91,1397.19,7236.33,139,130.44
614,PC15SW33ZS,06/10/2023,6714.52,1268.7,4773.72,494,197.65
615,UF45AA94DN,08/02/2024,6264.58,1747.32,1649.97,684,79.9
616,AX30WM06HY,31/12/2023,7824.16,248.07,1298.15,368,114.39
617,MZ46YH87TA,04/06/2024,8322.52,1354.01,3384.83,915,120.48
618,GD61PX26BG,20/10/2023,3601.93,1982.55,2540.77,394,97.16
619,TE61RQ62GY,05/03/2024,8059.5,1745.51,758.89,99,198.01
620,NU95YK46YH,12/04/2024,8650.36,766.53,5152.75,152,5.06
621,WD91QZ50MW,25/10/2023,1970.11,1598.86,5967.29,748,122.73
622,QO26HA55GE,05/05/2024,7319.62,878.84,2899.53,378,71.19
623,WP53YZ10KZ,05/05/2024,2182.56,719.72,4053.44,481,64.64
624,CH97YN65OI,10/01/2024,8069.62,1538.4,7059.12,561,116.95
625,NL46UR10MA,03/01/2024,1673.63,255.0,6705.35,862,123.4
626,DX80XJ82CN,03/05/2024,9244.19,1601.72,2811.27,198,39.67
627,EO00DS44XT,17/11/2023,4531.0,456.43,1595.0,808,115.09
628,BZ39OB43GS,21/05/2024,7436.81,263.07,293.29,667,19.69
629,SG31LH14MB,24/03/2024,1077.05,71.24,2594.6,339,186.41
630,IZ51SU60HS,18/11/2023,2169.91,413.78,6500.03,256,31.54
631,DJ47KR78GY,24/11/2023,4331.43,792.79,325.29,470,25.68
632,RO60ID13BH,30/05/2024,5870.9,950.59,721.62,613,120.37
633,KG51AF38GU,26/02/2024,7607.4,1513.22,7844.45,467,47.6
634,DJ90MR87AC,30/01/2024,5297.76,798.78,1993.5,158,172.85
635,VB17ED75BP,16/01/2024,5658.61,742.89,1481.08,874,30.65
636,WM58EG70JQ,07/03/2024,7699.05,1149.29,7414.75,244,67.58
637,ZS74DK66TQ,03/06/2024,2705.76,1610.53,5382.99,305,155.91
638,OD71XM07HM,17/01/2024,7660.94,1572.77,7740.94,79,115.62
639,WX39DB11PS,07/06/2024,697.48,1593.4,1350.97,985,142.45
640,TB69KT97EL,19/11/2023,5193.0,1594.27,4654.91,328,36.99
641,DX34ND58DJ,03/06/2024,6298.89,422.15,7325.04,810,41.12
642,VP83SG86FH,31/05/2024,4944.31,1098.79,6893.58,770,6.61
643,WW31GQ12DG,26/03/2024,2396.94,121.69,1276.65,490,11.7
644,MC35LV55PL,02/12/2023,3570.72,1458.9,7862.63,684,21.68
645,EU71IW24NG,12/04/2024,4852.21,964.13,1311.96,421,179.49
646,VE47QA43SY,01/11/2023,4815.87,1197.29,1901.28,274,49.46
647,WS49MR90ND,27/03/2024,9119.1,271.35,4173.9,767,100.73
648,FI58UP64HE,31/05/2024,4750.69,1443.49,3486.03,690,33.43
649,FJ14JI42HC,03/12/2023,2735.58,942.11,2864.77,607,147.34
650,QQ78MK39NK,19/03/2024,8944.12,1943.51,6384.37,415,141.55
651,US57VH41YD,16/12/2023,1648.15,1256.12,1751.47,939,12.24
652,EC33DV50SY,07/01/2024,3250.48,49.43,4910.51,456,11.69
653,BO52XM87NB,29/03/2024,6357.6,46.58,7778.2,879,25.79
654,OL32EC40UH,31/10/2023,4981.41,1219.73,3228.72,657,193.29
655,OZ16GE68KM,11/05/2024,5174.95,48.8,7638.01,627,69.59
656,QG93TB43CE,03/02/2024,4348.21,1457.43,3836.98,37,118.3
657,JL99PP54DM,08/12/2023,8282.67,1970.95,4151.4,764,195.9
658,SS43BC74EP,24/03/2024,8407.01,1887.01,863.71,209,65.35
659,TF43BX30XK,22/04/2024,9682.3,990.46,856.81,133,13.02
660,MZ16OY69CZ,16/10/2023,8785.01,1147.41,1913.13,39,35.33
661,NW66XZ29AC,31/12/2023,1279.55,1959.25,992.75,96,185.88
662,CM56XQ76SG,02/10/2023,5552.08,387.27,5167.4,122,36.15
663,OQ62DK45EY,05/11/2023,3240.68,1468.98,7562.43,932,62.69
664,FJ97VM59NQ,05/11/2023,7248.23,405.61,3655.45,958,45.17
665,ND21TT37SK,10/02/2024,48.93,541.59,3472.19,921,11.82
666,SQ09WS60QS,23/11/2023,3228.36,550.38,4416.32,67,175.09
667,NS83YG27BS,19/01/2024,5958.58,713.47,7101.84,932,157.0
668,HL67HA56ZN,11/01/2024,1749.63,18.4,702.69,544,34.33
669,KZ63YN32MW,24/01/2024,3864.31,1330.56,2135.42,195,25.63
670,KQ47XL68II,16/02/2024,7196.03,1808.72,7651.68,746,79.71
671,KQ62FZ30QZ,18/12/2023,400.28,1568.55,2095.38,825,31.54
672,HE48BQ60MB,01/01/2024,4930.0,1338.86,4512.99,830,168.75
673,LA73XI42MB,06/06/2024,3982.14,472.98,4759.05,298,91.41
674,IY37BC14XA,15/11/2023,579.87,1978.54,6619.66,335,121.68
675,WY04FQ12KH,23/05/2024,3240.96,304.89,6685.77,242,149.51
676,ZF99YD62ZF,05/12/2023,8409.5,1306.05,5095.98,263,101.03
677,WZ11KP32CB,21/11/2023,8061.96,1353.41,5426.32,168,98.21
678,YF24KC12PB,11/01/2024,4050.99,858.96,7955.23,142,146.24
679,IW75OX75AS,10/10/2023,6011.36,140.23,832.55,202,91.35
680,ZM07SR59UY,24/12/2023,2361.86,730.65,1369.83,948,64.94
681,SU35TE61MZ,26/10/2023,7693.03,746.59,4228.72,667,84.31
682,RQ92KO80LN,17/03/2024,617.55,1771.86,3732.32,55,75.91
683,TR70KZ43PZ,25/03/2024,4777.3,1840.37,7396.2,796,176.36
684,PA51MV68XL,22/02/2024,8088.81,1607.35,474.07,570,184.43
685,RZ69IS44XD,09/04/2024,139.04,1769.41,5308.26,979,66.85
686,NO52UC51FY,04/06/2024,9414.24,768.45,1997.42,209,81.04
687,NI98XX14IP,09/05/2024,83.08,1023.34,191.15,78,162.0
688,AK24PH21ZB,14/12/2023,9148.16,179.59,3495.28,15,186.8
689,LZ48NY26YV,06/02/2024,3212.82,1692.1,5630.69,531,159.79
690,LZ19IT13LM,14/02/2024,2130.4,878.57,6249.32,465,91.16
691,KJ08WP12HY,17/03/2024,287.99,1057.11,6306.01,789,65.79
692,WV43HC67DN,18/11/2023,6372.3,477.05,4481.08,193,29.91
693,ZP99XW52CG,19/12/2023,4667.59,763.71,416.23,467,187.49
694,CV60IQ77XR,05/12/2023,2187.93,1406.67,3353.23,594,170.24
695,VZ16FO67AA,28/10/2023,4476.21,889.5,2397.3,931,89.76
696,ZD98GJ83PT,06/11/2023,1268.75,636.29,3325.59,169,39.36
697,AE83DV83WO,11/04/2024,9661.16,574.9,5100.45,338,69.41
698,CE34NQ83HC,01/04/2024,2689.68,1281.58,5045.74,102,113.09
699,VH73QX41SK,05/01/2024,7280.78,1657.14,4144.95,233,178.54
700,BE24WN40VE,03/01/2024,5828.53,569.96,6036.37,993,157.79
701,GE18MI04OS,17/11/2023,8183.27,1337.58,5936.67,239,98.81
702,WA76YF12UW,06/12/2023,1571.62,1166.55,2773.3,573,44.28
703,SD40YX63NK,01/10/2023,7617.79,1200.3,1458.6,846,120.89
704,HI44ZJ57KC,04/04/2024,1606.89,797.08,1069.04,276,169.95
705,LJ30CI55SD,15/01/2024,7207.84,679.92,5697.66,74,101.53
706,TP61EP83GV,30/01/2024,9375.26,378.49,6273.54,928,174.84
707,MD30SU83XS,01/10/2023,7747.33,174.42,656.83,339,133.99
708,QK88QY16AM,13/05/2024,8836.62,398.2,7185.61,953,84.12
709,AD25FU37TP,24/01/2024,6926.75,196.66,6459.23,302,95.59
710,KH08ZK06NJ,15/10/2023,4316.32,476.91,6903.6,78,73.3
711,LO25NK40HK,22/05/2024,1728.85,1192.3,4113.88,888,193.16
712,GQ59YT37VF,26/11/2023,5959.71,878.88,3509.03,221,95.85
713,XB82UN35FO,23/01/2024,503.31,1883.97,3953.09,662,115.86
714,JY76ZJ68NC,20/02/2024,5199.72,1936.76,1109.24,718,159.63
715,FH18BZ35UK,08/10/2023,1103.62,1089.57,7232.68,853,106.77
716,PT72QO37VQ,08/12/2023,4941.91,1668.29,1210.13,869,117.67
717,AL76QB15PE,26/01/2024,5732.36,1901.79,6258.82,860,143.02
718,TP93AU35RP,25/04/2024,248.68,778.42,2142.62,111,77.04
719,TI20CT93HP,15/05/2024,9751.03,1207.08,2074.21,898,74.52
720,CA62JD84JY,28/05/2024,7797.49,1719.45,3044.49,493,86.84
721,XP52NX07PS,26/11/2023,5578.67,37.25,5071.7,973,65.88
722,SJ55KB85BY,04/06/2024,8042.51,97.55,4007.65,294,169.21
723,QR13SJ48WV,12/12/2023,6059.99,1341.04,6464.19,5,30.32
724,GQ13MD00FL,21/05/2024,6316.56,1429.87,5576.44,273,119.75
725,LP97BP06VQ,24/01/2024,3929.79,96.81,6460.07,772,95.78
726,FY76DS73KO,25/03/2024,6113.26,1707.54,1853.14,785,90.23
727,BO11UW26HL,31/03/2024,3778.4,305.67,538.41,760,180.47
728,XR62RQ18GA,30/01/2024,4855.2,1635.79,1009.38,999,98.79
729,DW69WH42JC,01/02/2024,5860.48,717.01,508.81,747,60.69
730,LD37HU68YI,22/12/2023,9696.0,786.49,6809.47,487,58.2
731,KZ89IZ87RS,03/02/2024,521.08,894.45,2344.65,982,153.55
732,KY77TE11JH,01/12/2023,5411.68,1491.21,3208.49,480,51.91
733,JS94CS88KM,18/02/2024,6443.83,511.42,525.72,891,173.18
734,NL55HW79GC,10/04/2024,8136.49,1998.63,3585.05,245,147.5
735,XM07OV39RE,28/12/2023,431.31,1765.34,2917.4,923,182.24
736,BN14WE12HR,06/02/2024,376.72,930.72,3947.84,982,135.85
737,KU47EQ73WP,21/11/2023,2885.37,1215.95,4092.47,88,13.23
738,DC49ES78KX,11/02/2024,1102.77,771.02,5316.27,359,68.19
739,WP09HH12DW,15/01/2024,4580.91,1245.89,3447.22,426,161.77
740,KW00II58BK,09/10/2023,8677.27,857.36,2167.52,332,84.23
741,GP13BJ20KL,29/12/2023,3730.52,1596.03,7409.81,452,104.25
742,NS90HW45VT,19/11/2023,6814.39,1716.78,7234.0,870,178.74
743,YL77RM64MY,05/12/2023,1235.03,1848.47,6468.87,722,81.56
744,CP27RL43NV,09/11/2023,5096.94,1814.3,2617.94,116,116.89
745,FT43OF76PA,13/11/2023,536.82,330.91,2131.19,661,51.63
746,DY63RE16HC,25/10/2023,7778.16,17.69,3001.29,73,175.79
747,XT18PU50CZ,22/11/2023,5550.29,587.54,3480.75,458,174.22
748,VP90JH18UU,02/05/2024,6729.95,316.85,6035.03,662,180.79
749,QS18QN82DY,13/04/2024,3155.72,1783.65,2911.95,152,11.41
750,ZR10BT83DL,15/01/2024,4610.86,1797.13,5919.47,186,114.08
751,UZ72OL17DR,31/01/2024,8666.06,1839.37,3541.46,206,198.45
752,IT65HO85LW,24/11/2023,8185.9,429.26,5069.5,491,14.54
753,BK16GS31AE,09/02/2024,3339.24,658.73,409.24,603,12.77
754,GN08GO70MV,09/10/2023,4152.56,80.49,757.45,883,169.91
755,ZI92OY51UJ,19/05/2024,1308.56,548.85,5801.88,405,62.3
756,WB45RS33GB,08/06/2024,4141.34,788.65,617.73,12,187.28
757,QT01VH97TS,01/11/2023,1298.38,1109.8,4759.67,538,189.06
758,YM68QA05JG,30/04/2024,2510.8,396.45,2894.77,782,121.8
759,OC94KU51BL,14/12/2023,5822.43,1018.36,5383.48,4,191.24
760,LO46TT36WH,05/12/2023,9268.94,201.13,3820.8,362,2.01
761,QN91YO58ZV,06/12/2023,2864.36,564.16,2448.88,97,18.05
762,FH95FA08SJ,25/05/2024,4532.13,365.36,6141.67,764,162.99
763,QU48GM35DY,22/01/2024,4435.24,1745.7,1.4,637,16.98
764,XL17HF25CD,02/02/2024,8868.41,899.78,5813.91,395,198.66
765,EK62KB85NN,15/12/2023,4302.14,1975.3,4955.5,764,4.11
766,KQ21NZ74AU,11/10/2023,5361.41,1885.55,427.98,364,182.25
767,RY62IB51QO,20/01/2024,8194.35,1957.72,3421.89,71,136.06
768,OF39KX55MI,03/06/2024,1826.79,1155.17,4742.94,412,59.52
769,VK83SE64LU,19/04/2024,1013.68,734.13,2085.02,828,80.65
770,JS38UV25IS,28/10/2023,402.35,1147.52,7358.55,88,27.75
771,KW86GQ06CL,17/05/2024,1172.08,1500.95,162.26,24,93.25
772,NP54UF10HH,11/04/2024,2891.01,942.29,6024.05,445,147.0
773,YB37VO73PC,06/02/2024,8846.5,552.26,6453.13,387,59.78
774,MM75IL48GY,05/03/2024,638.88,1954.58,1480.07,569,193.99
775,QN55LC80AK,27/05/2024,6797.67,326.73,3600.22,397,77.75
776,XC61TT35VL,21/11/2023,3685.71,1373.7,4781.26,794,181.04
777,XS94AM02TB,14/04/2024,5449.2,1372.77,4490.41,540,130.51
778,HJ06AS00FH,09/01/2024,1574.79,104.82,5285.71,218,76.01
779,FN62HK01PR,06/04/2024,9616.82,1417.32,1997.72,965,140.31
780,FK77IL50OJ,06/11/2023,3103.68,456.8,2023.76,164,33.69
781,XZ26NU20TL,09/11/2023,3134.38,1937.79,6333.55,587,87.78
782,PX90UL35BD,11/02/2024,7726.37,848.68,5052.65,140,20.64
783,QL27YI66SA,11/02/2024,7827.52,923.9,595.19,994,172.21
784,HX32EK92CA,08/01/2024,2481.97,338.81,5922.65,405,22.26
785,FR62KA90MD,01/04/2024,9070.16,1502.46,1748.93,641,4.65
786,EZ28GL81PZ,01/12/2023,2462.31,1242.2,3605.35,607,117.21
787,PK72OP33HY,06/05/2024,5897.03,988.36,2493.35,528,51.62
788,CU34VE93GZ,13/10/2023,2294.66,1815.2,6936.11,247,152.74
789,WR09PV08WG,27/03/2024,4764.7,979.67,2165.99,420,135.0
790,BO70CT38FG,07/04/2024,3303.68,336.62,6309.72,549,149.32
791,MB01AG93SC,04/04/2024,3523.67,731.86,85.24,124,74.02
792,WR05GY40JO,07/06/2024,1468.71,185.14,6873.17,807,179.18
793,KF36XE90QF,16/10/2023,4104.15,66.92,7877.33,627,144.29
794,KI42QW62RV,20/04/2024,618.8,980.56,853.83,679,192.45
795,QP83MA27ZM,17/04/2024,1869.43,412.76,4537.6,461,21.59
796,DP94CI99IW,10/11/2023,3961.6,465.56,4781.91,458,129.62
797,FZ99KW48SF,24/05/2024,9473.62,677.33,2666.86,874,196.3
798,WN11IZ54AL,01/06/2024,1059.62,532.1,7234.42,551,40.83
799,XR56TS98BC,19/05/2024,8592.44,1949.72,4204.46,370,99.22
800,OE46TN36RP,06/11/2023,9700.8,1289.91,7829.42,670,190.79
801,BC93WS84RY,17/12/2023,8126.51,1084.3,6348.29,826,158.51
802,WG24WA44IO,30/11/2023,6335.9,626.41,6398.78,790,142.91
803,OL70YC16PG,06/10/2023,6199.05,1066.35,53.58,550,130.84
804,YC58TX65XU,23/04/2024,8921.48,1448.34,6806.05,474,77.04
805,OD70WV70IL,13/02/2024,4276.09,841.58,2148.67,734,96.99
806,FA57DQ91OI,26/05/2024,1298.43,262.5,1002.73,541,169.25
807,RX87GZ15DH,18/05/2024,5589.34,670.28,4273.02,912,123.29
808,JE17AY13RG,16/02/2024,2324.99,1783.34,5653.4,732,98.72
809,GD57VU76AK,01/06/2024,9423.2,542.82,7110.14,568,54.0
810,NE28XD24IC,18/05/2024,8613.13,1267.38,2535.2,97,145.04
811,EE92SA48QD,28/10/2023,824.91,1666.12,5048.69,880,95.04
812,QY80WX33LF,10/12/2023,6805.67,366.92,722.73,934,198.16
813,HU32LU85NQ,14/01/2024,4451.16,1274.94,5303.04,831,123.02
814,MF87VO96XM,04/12/2023,7322.58,781.34,1558.85,406,47.76
815,UT78TS15DI,20/02/2024,133.51,944.42,5108.73,863,114.42
816,ST77NY09VS,23/04/2024,4805.5,1866.72,2358.26,28,40.14
817,IR39VO16LN,23/03/2024,2908.38,972.55,4906.19,252,184.53
818,AF76SR96UP,27/04/2024,1055.67,794.58,6407.5,934,176.65
819,CH41KX99ZU,15/12/2023,7202.13,584.83,5724.36,633,6.96
820,EU81NA09JB,26/04/2024,2083.58,1002.67,2390.34,265,88.6
821,BZ90HW84VF,27/10/2023,7222.04,513.75,554.31,939,66.52
822,BQ49KV14JJ,16/11/2023,839.58,1053.36,4039.93,764,84.28
823,KM34EU92SO,29/05/2024,7443.77,1635.75,7318.46,896,125.45
824,XF26MC41WU,16/11/2023,5859.42,728.3,5620.1,687,194.82
825,FJ79NB06SE,26/02/2024,8520.89,711.99,7256.91,31,133.5
826,GL93UR05VN,02/04/2024,6453.44,1253.91,1897.1,178,186.32
827,LN66QE45IG,11/03/2024,3906.27,432.4,4980.23,551,106.77
828,AZ61UE94OE,04/05/2024,4418.0,182.66,6714.09,906,87.63
829,JK29SK70UG,11/10/2023,2925.14,1747.92,3136.46,379,23.51
830,YO58MM53EO,02/04/2024,4177.26,803.39,1287.76,927,72.8
831,VV37SQ10RP,03/02/2024,5552.13,1492.11,7260.4,217,2.79
832,YL99QR02KP,01/12/2023,7022.37,635.01,2622.57,899,36.46
833,EL37DA13LB,03/06/2024,4716.8,1144.59,5586.77,306,189.22
834,GF60JO14GI,17/03/2024,2097.73,1830.15,76.82,268,2.64
835,YY29AJ37PA,23/02/2024,5854.67,972.28,988.75,47,149.62
836,AZ63UD27ZU,25/01/2024,6522.79,1758.29,5479.71,888,117.52
837,ZY89OQ63GT,23/12/2023,8601.53,1419.06,2336.79,504,182.19
838,OW13YS66ZC,02/12/2023,4414.45,1628.12,4206.11,329,160.16
839,QP09JX15TD,05/06/2024,4832.98,592.26,1111.26,232,107.27
840,GN43UA54MN,06/01/2024,4673.62,1798.0,3101.1,227,57.94
841,WV45ZN92KZ,17/04/2024,3378.24,481.54,1939.27,93,35.1
842,RO13JB50CU,07/11/2023,4586.65,864.65,2253.29,807,154.71
843,EK47RV72ZJ,02/10/2023,4849.6,703.18,2236.04,74,95.35
844,JY14LU48DZ,04/04/2024,848.02,1184.31,5182.34,744,20.29
845,ZN70EN72GV,05/03/2024,4249.95,1937.55,4208.47,848,186.54
846,LL04BA66SI,04/10/2023,1144.74,399.0,6248.99,599,70.87
847,GP17QT20DJ,30/10/2023,456.78,468.59,406.49,700,164.15
848,SI78JT60IZ,07/03/2024,398.81,575.53,1872.88,343,193.31
849,MG36VV13LQ,31/12/2023,1408.28,1856.55,7061.1,485,81.63
850,MQ82YF01CB,05/05/2024,6336.27,1550.66,479.99,151,81.53
851,NR24LO65QQ,03/02/2024,2359.52,1162.4,2285.41,876,43.94
852,PD23QU22GS,28/12/2023,9324.75,564.21,2921.63,90,112.38
853,FP27FO42PG,02/12/2023,4104.41,994.93,3422.34,721,49.81
854,DO30RZ55AR,06/12/2023,4195.96,1886.72,3539.9,534,76.44
855,PS63GM60BO,27/04/2024,3298.95,1050.52,5189.32,953,121.28
856,FN01OF24ZB,22/11/2023,1602.41,557.35,6880.18,608,3.52
857,QD68PC42BQ,17/10/2023,5367.41,982.75,765.18,614,144.09
858,UX97JP26XZ,16/10/2023,9728.12,1003.11,1346.6,835,101.21
859,JQ63NK20TH,28/01/2024,243.43,1941.18,4934.42,607,40.43
860,JW57IR18AD,17/04/2024,932.86,1649.5,2231.53,732,145.91
861,QN23PE10WS,24/12/2023,4454.48,1337.38,3493.16,621,13.64
862,RW61JO96KB,28/11/2023,4151.38,553.69,2985.18,1,120.11
863,BQ47SW19TT,17/02/2024,2254.75,201.01,5448.13,710,138.71
864,IN45MU88II,28/10/2023,7659.94,1835.12,4972.01,537,114.15
865,OG19GF37KH,07/02/2024,5337.01,1651.46,7145.13,999,107.9
866,YQ84FT80US,26/03/2024,5034.8,1936.07,2862.58,852,44.55
867,RZ74TR82EO,11/04/2024,5189.44,1067.28,7810.54,813,147.96
868,TU54MB97RE,29/10/2023,6068.34,1214.13,6534.01,9,192.66
869,ZF82XB04AI,10/05/2024,5655.72,1816.74,4504.98,257,179.26
870,PZ73XW53MB,15/11/2023,73.67,567.93,5426.84,327,70.68
871,WQ96BA70QV,14/12/2023,292.61,713.53,5232.61,278,138.31
872,PR13UR56GS,02/10/2023,1120.74,286.15,400.6,419,183.51
873,HN70ES65MD,29/05/2024,9854.05,752.4,6652.78,892,183.9
874,TX62CG33WR,14/12/2023,6409.3,763.18,7762.3,359,171.48
875,OG94KG31FQ,29/10/2023,1143.22,1360.6,2222.53,643,127.45
876,DQ32OX03FJ,06/05/2024,2694.53,1587.03,5816.39,522,64.29
877,YC16CS29FK,07/02/2024,5708.81,1867.85,1105.93,919,63.9
878,GJ53IQ63UW,06/12/2023,1300.92,1705.38,3305.2,383,167.7
879,GX99FH25ZB,20/02/2024,1883.89,1910.49,2606.34,940,147.31
880,OI81SK83LJ,15/02/2024,9397.62,1306.71,5133.97,585,71.2
881,AZ54KQ44JU,26/02/2024,1106.39,223.75,1639.19,103,120.63
882,IV92LS88NW,24/03/2024,3581.68,101.24,874.63,429,54.9
883,KC71DF74JW,25/12/2023,5028.98,1120.39,2061.95,511,118.44
884,TY65NK56VA,18/02/2024,9141.31,338.58,2751.53,141,152.63
885,LO47JJ24KI,26/04/2024,2646.47,1217.1,2492.76,192,113.54
886,TG35RS23DG,21/02/2024,1222.67,989.37,6790.09,271,139.39
887,JD15BZ07MS,06/05/2024,9885.2,779.13,7489.99,480,64.31
888,AT10OL36TT,11/11/2023,8424.32,96.82,5452.21,8,31.26
889,SL61OB28FY,07/10/2023,8176.53,1200.0,7943.04,423,143.81
890,ER81TG32MU,13/10/2023,9562.9,1909.08,2678.19,343,153.3
891,FZ12LU99CM,06/05/2024,9817.41,1415.08,1199.79,513,98.54
892,DQ01EO79CQ,25/04/2024,7770.8,1438.35,1194.25,625,78.52
893,EI40UP23IX,07/05/2024,5769.75,740.08,7823.83,533,2.22
894,GY01UK11UY,17/03/2024,166.19,306.23,6950.89,771,156.62
895,KK05ZU65ZR,16/02/2024,2363.88,1704.92,7207.11,342,82.56
896,TS76JJ38GU,29/10/2023,9939.92,1551.04,348.21,387,98.02
897,ZQ27UA31QH,06/06/2024,6693.17,1929.12,1355.81,632,35.17
898,UK59HN35NL,25/11/2023,8191.98,302.51,3344.14,109,137.8
899,OC34KX25LQ,04/11/2023,2731.59,1039.43,4134.31,714,119.05
900,XL58XL78SD,02/02/2024,9669.46,47.0,5597.35,535,150.39
901,SP28FL64XK,14/01/2024,8019.05,883.32,7304.67,568,32.55
902,WT58KL27KO,03/10/2023,5236.84,1314.15,4123.27,338,32.26
903,NZ09TY51IT,28/04/2024,458.78,1692.66,6491.55,813,76.61
904,LU58UK88XH,26/02/2024,3373.03,1740.55,1603.72,224,16.83
905,TE20YS41YT,08/04/2024,9926.99,1952.29,3349.33,620,103.29
906,AG76BS83WG,25/11/2023,6897.51,1468.87,6079.06,180,161.48
907,VD73SD85KM,16/02/2024,3756.35,643.8,4315.74,192,27.06
908,ZD04CY91BO,06/03/2024,3550.36,1079.77,2551.81,185,162.89
909,KG03ZT25UN,22/02/2024,2330.98,1353.98,7337.74,53,199.08
910,HJ51QC56CF,24/12/2023,3501.39,1175.46,1527.58,690,35.75
911,MS69EG37YL,24/03/2024,1698.18,209.74,7326.33,885,12.72
912,QY76JT52WF,28/05/2024,5360.45,901.4,3966.97,984,21.24
913,VK92QJ92UH,17/05/2024,9795.54,1319.68,6175.35,530,3.24
914,VF39LL88IC,03/10/2023,9691.28,1881.18,382.58,953,35.93
915,MN42XT41PV,18/11/2023,7324.46,1824.04,5370.31,170,75.75
916,YQ02HP67GK,13/03/2024,2608.98,72.32,684.43,687,131.42
917,PA35QU22FY,08/04/2024,961.9,1966.67,3393.32,655,132.14
918,FQ84EH04WS,18/04/2024,163.75,409.0,1334.22,342,96.88
919,JI64TS20TZ,23/02/2024,279.69,994.59,2179.64,819,105.23
920,WX71GO93UJ,19/01/2024,1768.48,1133.0,1964.53,171,104.37
921,NC16YW50MM,26/05/2024,4760.88,1300.81,2884.32,483,104.44
922,NF42RG36OA,24/05/2024,6418.55,1358.5,1373.64,410,11.99
923,EN75OW79IE,29/12/2023,5516.73,741.49,4887.77,297,16.58
924,FY56MC54YB,23/12/2023,2078.0,1028.71,240.98,254,19.87
925,IX62OY89UE,30/03/2024,8389.88,1274.44,3495.24,417,8.92
926,DE40LL34JE,08/03/2024,6879.31,108.56,5365.19,624,133.42
927,AT34SF80LP,05/05/2024,4856.28,1649.51,1228.12,159,44.68
928,EV82SL76PQ,26/12/2023,3863.45,1734.09,4588.18,831,96.0
929,MN62CU93UM,10/03/2024,6471.56,273.15,2626.64,116,114.32
930,SN11NO85BT,01/06/2024,996.19,38.45,7941.3,90,88.22
931,VS84BF37HC,04/05/2024,6923.45,1972.83,2742.02,11,112.64
932,EN18QK05MS,30/10/2023,7963.61,1965.85,89.15,133,112.98
933,VD71OF97TU,05/02/2024,7.16,480.13,6587.39,606,68.46
934,PL73TE09HO,26/01/2024,9568.91,1944.56,1651.28,49,96.14
935,IC63SK42DK,11/03/2024,6169.2,1092.34,3924.87,963,65.15
936,EL16TM66GY,09/01/2024,3767.98,635.07,1476.54,944,78.51
937,BI46QO42AL,02/10/2023,7662.4,325.0,1513.16,721,128.95
938,TH78ZK64EH,03/03/2024,1750.25,1254.81,3706.72,655,126.85
939,VK63ET08HA,13/01/2024,6500.51,1571.39,1020.82,822,26.98
940,AA53OD79ZG,24/03/2024,967.69,1402.56,3625.57,596,64.01
941,XF19UH00ST,14/04/2024,9672.85,1159.03,4716.42,798,33.3
942,SO38NB22LR,10/01/2024,7440.86,52.97,3291.91,600,194.22
943,AJ08IH49LS,23/11/2023,897.09,1227.78,6573.97,175,179.57
944,YY90LY16XH,06/03/2024,8909.81,583.6,1865.38,347,17.15
945,MI35OT36LS,19/03/2024,9705.48,117.29,7136.96,444,199.6
946,YS34BQ61WC,22/02/2024,8729.03,1307.31,690.27,46,9.8
947,EL97JX28GI,01/05/2024,8145.78,1615.23,864.98,398,10.07
948,OA91KB75IE,08/06/2024,7444.13,11.89,583.09,388,48.27
949,CO50JL18VI,13/10/2023,5590.7,1031.49,6674.31,813,32.1
950,GV90XL48SH,27/04/2024,7359.86,1093.67,2696.0,107,136.04
951,QH19BR51SC,05/01/2024,1250.74,388.57,760.27,492,164.97
952,CM67AV92ON,04/05/2024,3621.26,349.4,1076.93,947,80.59
953,XY64SU26DT,07/03/2024,1044.21,1362.6,7793.46,958,147.92
954,PM13MJ80XF,23/05/2024,5554.96,1022.44,383.39,439,73.71
955,NA44GY11VG,28/01/2024,9800.05,265.66,1675.21,799,165.91
956,FU44ZT68HJ,02/10/2023,2495.08,1336.05,6718.15,188,72.91
957,SU53US05CM,05/05/2024,3019.11,347.09,5208.75,642,8.13
958,UA91OX76BC,20/01/2024,8334.55,993.26,1109.5,951,175.12
959,QT31DP28KE,19/03/2024,5468.44,151.4,6483.2,335,99.93
960,SP42MG88CJ,24/12/2023,3434.46,994.93,5028.9,491,91.6
961,ML10SE02JP,01/10/2023,5288.05,1046.33,7219.73,484,166.73
962,WK16XC69QM,05/11/2023,7815.59,193.21,1667.56,494,6.3
963,FG89OW72KQ,08/10/2023,7403.37,63.1,773.25,700,55.61
964,AQ64XL96JP,05/11/2023,1313.97,72.61,6961.9,432,179.69
965,CH54HS16GP,03/03/2024,2919.14,209.34,3312.37,340,127.45
966,OR21XR73UP,21/04/2024,5705.97,383.41,2277.62,270,154.5
967,DP38KF51GO,24/01/2024,6932.14,1716.47,1860.3,6,170.33
968,FZ61YH43HO,29/01/2024,2572.77,397.75,2914.11,832,160.9
969,HS51FF37UB,13/04/2024,7875.96,728.54,61.09,63,118.73
970,KE05YD04NS,01/05/2024,2754.87,815.17,5987.72,505,41.18
971,QJ57SX77XR,20/12/2023,1847.95,1142.5,6245.58,451,106.3
972,UA02DY66JT,17/10/2023,4595.27,1395.08,7751.38,443,137.61
973,MP59PO63VI,18/02/2024,7003.79,1458.33,5833.42,8,159.91
974,ZP43AY39ZJ,30/11/2023,7011.72,1372.54,7519.61,846,181.11
975,JE89PZ25GO,01/03/2024,6303.52,1611.43,3095.15,997,103.09
976,FA89QB29MP,13/10/2023,2372.75,522.29,5596.53,953,95.99
977,SH91PG18WX,15/03/2024,6687.12,668.31,134.51,187,170.2
978,MW44IO92VN,11/10/2023,8904.45,1046.54,2514.7,483,193.93
979,KV47MZ03WW,13/04/2024,1554.91,872.76,3944.98,176,2.63
980,BR40EQ33YX,08/05/2024,8464.5,1672.93,2406.3,218,138.63
981,DG47YC02EK,24/04/2024,6713.13,384.21,3206.99,660,188.07
982,YC15ZX49RE,05/03/2024,7250.28,756.74,1236.27,375,152.24
983,NY30CB55DF,17/02/2024,3690.2,604.77,6284.04,648,113.15
984,DB10EB23TE,08/03/2024,7163.91,199.13,5707.11,474,184.2
985,MA15SK02EZ,28/12/2023,5633.82,475.32,6246.48,787,177.0
986,RV61YP24XN,26/02/2024,7351.74,1623.91,3584.46,929,178.51
987,RD61FR61YL,23/02/2024,4553.53,858.29,2876.36,515,166.15
988,GE66IL06DX,01/06/2024,3249.6,312.62,228.04,295,113.58
989,IO13RO41TN,06/10/2023,555.83,1297.67,3504.06,148,60.72
990,ZM84WX26IL,27/02/2024,8293.74,1040.8,3373.03,553,38.51
991,EG80LM15XL,01/02/2024,5755.49,1775.47,6660.61,928,94.56
992,YW87VI10XZ,24/05/2024,5607.74,1841.54,4419.19,84,74.8
993,KK31DN62DX,03/11/2023,9806.06,759.77,755.7,925,129.94
994,GJ73HE64TZ,12/11/2023,7600.37,308.02,2028.8,803,78.88
995,VR24EG12MG,11/04/2024,2044.91,1113.93,2065.12,488,195.42
996,VL49XP95OC,16/01/2024,3982.12,711.02,6460.18,952,79.23
997,JB71KW77VW,24/12/2023,9718.63,927.48,5712.51,271,118.39
998,ZS58XG11OC,26/10/2023,5303.01,349.55,7139.17,994,179.12
999,ZJ36DL63KD,26/12/2023,8703.87,277.52,1301.54,97,7.4
1000,ND23QF61OG,15/02/2024,2080.8,810.71,3057.4,442,120.69
