PRODUCTO_CATEGORIA_ID,CATALOGO_PRODUCTO_ID,CATALOGO_CATEGORIA_ID,PRECIO,FECHA
1,985,8,5212.02,21/08/2023
2,101,1,6803.77,27/11/2023
3,234,5,1271.79,05/04/2023
4,756,8,2522.76,30/12/2023
5,460,1,5739.41,31/05/2024
6,198,3,3247.95,08/03/2024
7,4,5,2381.06,26/08/2023
8,125,5,4707.39,01/02/2024
9,657,6,2063.15,01/05/2024
10,544,4,2404.31,31/10/2023
11,959,7,7995.62,28/04/2024
12,828,3,3411.91,08/08/2023
13,501,4,6259.84,25/08/2023
14,554,2,3602.89,26/04/2024
15,59,5,3235.6,14/08/2023
16,518,6,7323.1,25/11/2023
17,676,5,494.1,15/11/2023
18,722,1,4365.41,22/12/2023
19,757,7,6827.85,08/06/2023
20,885,1,3700.42,20/08/2023
21,654,4,4819.97,26/07/2023
22,962,7,3377.56,24/09/2023
23,15,2,5418.53,14/11/2023
24,85,1,2486.54,31/12/2023
25,192,1,5881.59,02/06/2023
26,622,3,6917.73,15/04/2023
27,288,4,6800.76,04/09/2023
28,183,2,2820.96,25/03/2024
29,473,8,1856.84,17/01/2024
30,868,5,5850.5,28/05/2023
31,602,8,6116.13,20/09/2023
32,618,1,2950.65,10/05/2024
33,770,8,1680.55,28/04/2023
34,847,5,3324.33,05/02/2024
35,841,6,2890.44,24/10/2023
36,885,7,3534.97,16/10/2023
37,942,3,491.0,22/12/2023
38,939,6,4462.34,22/04/2023
39,918,8,7141.98,21/01/2024
40,82,2,2201.84,12/08/2023
41,822,7,5647.39,05/06/2023
42,374,6,3742.57,15/06/2023
43,826,1,3119.28,18/10/2023
44,241,7,4938.17,12/10/2023
45,431,3,5511.97,09/06/2023
46,758,5,1970.41,21/01/2024
47,852,7,7196.36,27/02/2024
48,634,7,1991.0,14/05/2024
49,253,7,4530.96,02/06/2023
50,235,4,401.2,21/02/2024
51,980,8,650.94,09/01/2024
52,792,7,5060.03,23/04/2023
53,525,5,1609.65,20/06/2023
54,624,1,112.99,24/06/2023
55,191,5,1564.58,13/09/2023
56,736,4,5752.67,28/01/2024
57,158,2,5116.69,29/06/2023
58,830,6,1217.6,19/07/2023
59,654,7,3040.38,15/01/2024
60,711,2,1739.93,30/05/2023
61,202,2,2942.21,22/11/2023
62,89,4,3030.96,30/03/2024
63,181,5,3710.53,09/08/2023
64,970,6,3625.53,05/03/2024
65,574,4,5775.56,19/07/2023
66,737,6,3203.33,25/04/2024
67,390,2,1851.67,04/06/2023
68,451,3,1346.31,25/11/2023
69,758,6,647.89,09/04/2023
70,388,2,5559.49,04/09/2023
71,812,7,3562.14,10/06/2023
72,658,7,1925.68,11/06/2023
73,384,8,3249.72,26/05/2024
74,768,2,3801.71,27/08/2023
75,902,6,3119.05,07/05/2023
76,264,2,5313.14,17/08/2023
77,815,6,189.65,25/04/2024
78,700,1,279.96,09/06/2024
79,747,5,48.2,27/04/2023
80,186,1,7207.24,14/02/2024
81,619,3,435.03,18/09/2023
82,365,6,688.79,22/04/2023
83,395,4,3048.0,12/07/2023
84,57,7,2256.19,19/11/2023
85,768,7,515.57,13/06/2023
86,569,3,3401.79,19/07/2023
87,780,6,5034.13,23/10/2023
88,188,8,4548.14,18/05/2024
89,392,3,2521.64,22/11/2023
90,626,4,3509.9,24/11/2023
91,225,2,2171.56,09/11/2023
92,863,5,5232.11,03/05/2024
93,300,2,6193.03,11/01/2024
94,824,3,6582.67,10/05/2023
95,524,1,5157.86,14/05/2023
96,95,1,3762.35,03/10/2023
97,457,8,3096.16,02/04/2023
98,524,7,538.38,23/05/2023
99,662,8,2736.93,19/05/2023
100,770,8,5154.26,25/11/2023
101,437,8,202.03,28/05/2023
102,208,1,4041.16,26/02/2024
103,839,4,424.07,24/08/2023
104,814,8,4598.61,15/10/2023
105,384,7,5822.66,16/03/2024
106,158,4,4585.6,10/01/2024
107,861,6,419.09,11/05/2024
108,52,6,2795.77,08/09/2023
109,48,4,906.11,03/04/2024
110,251,1,6260.78,12/11/2023
111,885,6,5942.46,11/07/2023
112,851,2,5224.8,20/12/2023
113,295,5,4507.05,28/04/2024
114,919,8,1135.38,25/12/2023
115,215,8,5626.28,25/04/2023
116,645,8,6994.01,25/02/2024
117,443,1,6776.13,22/04/2023
118,458,1,753.34,19/01/2024
119,607,7,2774.22,30/05/2023
120,125,2,2568.5,21/08/2023
121,602,5,941.43,19/02/2024
122,993,2,7078.91,11/05/2024
123,771,6,4623.67,30/05/2023
124,133,3,457.71,10/06/2024
125,302,2,3019.52,15/09/2023
126,861,5,6506.21,07/01/2024
127,195,7,6821.07,15/03/2024
128,416,5,7083.99,07/06/2024
129,952,1,2767.91,21/10/2023
130,429,6,6206.92,26/08/2023
131,182,3,221.87,20/08/2023
132,428,7,1196.98,31/05/2023
133,927,1,4733.92,23/03/2024
134,807,5,1568.18,09/08/2023
135,230,5,201.0,23/11/2023
136,52,6,462.84,21/11/2023
137,948,5,6753.59,18/05/2023
138,277,5,3257.65,11/11/2023
139,963,1,3966.52,01/07/2023
140,888,1,7371.73,14/05/2023
141,314,8,1210.43,28/07/2023
142,877,6,4444.92,20/02/2024
143,240,1,4954.35,31/05/2023
144,951,7,3116.26,17/10/2023
145,218,7,568.08,29/10/2023
146,250,7,48.26,06/07/2023
147,673,7,5417.64,05/03/2024
148,740,1,4639.76,09/11/2023
149,265,3,5625.08,20/05/2024
150,666,5,7454.67,05/12/2023
151,122,1,774.98,23/03/2024
152,210,2,4564.16,28/08/2023
153,78,8,67.28,02/03/2024
154,679,4,2318.43,21/08/2023
155,596,3,2542.56,15/10/2023
156,473,5,1027.7,14/07/2023
157,758,2,7682.06,03/04/2023
158,752,1,369.83,29/05/2023
159,655,2,820.63,21/05/2024
160,587,4,3926.09,08/02/2024
161,959,8,3036.03,01/05/2024
162,157,5,6035.82,21/03/2024
163,254,4,2794.94,26/09/2023
164,458,8,614.17,07/02/2024
165,615,8,2724.67,21/05/2024
166,327,6,5782.82,14/02/2024
167,775,6,4255.67,22/12/2023
168,741,2,2950.59,03/06/2023
169,784,2,3279.06,06/05/2024
170,417,2,5094.7,06/07/2023
171,929,7,2090.17,14/12/2023
172,782,5,5354.33,24/11/2023
173,606,4,1799.89,08/12/2023
174,574,4,1667.53,17/10/2023
175,882,7,1499.09,25/05/2024
176,361,7,5000.97,03/10/2023
177,679,8,5342.28,11/02/2024
178,832,1,7397.4,07/09/2023
179,785,5,2984.43,14/05/2023
180,2,4,7726.95,09/04/2023
181,484,4,7223.42,19/03/2024
182,975,7,7819.21,08/05/2024
183,34,1,5982.0,26/06/2023
184,702,3,4329.04,22/06/2023
185,264,6,2858.24,08/03/2024
186,724,1,1539.43,25/11/2023
187,453,5,7607.7,21/07/2023
188,818,8,6028.83,30/07/2023
189,901,2,4531.65,21/08/2023
190,990,4,906.92,04/10/2023
191,296,3,2157.89,11/12/2023
192,469,1,6421.25,26/04/2024
193,487,4,6243.28,07/12/2023
194,448,7,1211.55,04/06/2023
195,469,8,2744.29,28/01/2024
196,345,8,1717.82,31/08/2023
197,299,5,7532.48,04/08/2023
198,686,8,3828.3,29/08/2023
199,316,6,5306.96,20/07/2023
200,462,6,6908.4,19/10/2023
201,804,8,5791.15,10/08/2023
202,340,6,7265.32,12/05/2023
203,382,6,7845.64,29/04/2023
204,286,8,3920.34,28/09/2023
205,764,2,1677.16,21/06/2023
206,709,4,2964.92,15/02/2024
207,157,6,2543.29,28/05/2024
208,876,4,4035.12,13/12/2023
209,253,8,2171.84,07/04/2024
210,230,3,2293.13,06/12/2023
211,642,1,1778.08,15/12/2023
212,263,1,6197.11,18/04/2023
213,373,1,2936.19,15/10/2023
214,56,5,4081.88,06/06/2024
215,70,1,4781.41,08/10/2023
216,195,1,2328.28,10/06/2023
217,979,3,2798.12,20/04/2024
218,140,4,1369.32,24/08/2023
219,326,8,2294.78,30/04/2024
220,237,7,5504.98,24/09/2023
221,352,2,3559.44,19/05/2023
222,991,1,729.95,22/07/2023
223,546,7,4180.88,02/01/2024
224,981,1,28.36,25/09/2023
225,78,7,7547.03,23/08/2023
226,163,3,2630.87,21/09/2023
227,825,1,1584.39,28/12/2023
228,78,6,5248.03,08/02/2024
229,667,4,5881.72,08/07/2023
230,557,1,1226.34,14/01/2024
231,871,2,1093.86,03/09/2023
232,194,6,1016.63,23/05/2024
233,619,7,7552.48,14/04/2024
234,139,2,3140.64,07/01/2024
235,615,7,4443.98,05/07/2023
236,391,2,7933.31,30/04/2024
237,879,4,7815.86,30/09/2023
238,618,7,3233.84,10/06/2024
239,20,1,1289.47,19/04/2023
240,809,2,2592.9,24/11/2023
241,489,3,1916.65,17/12/2023
242,65,5,7954.88,19/02/2024
243,15,1,2619.4,12/02/2024
244,224,3,1388.52,29/06/2023
245,693,4,1455.35,13/02/2024
246,809,4,6820.89,13/09/2023
247,372,1,2456.36,22/10/2023
248,340,4,1585.08,18/05/2024
249,447,8,655.62,24/05/2024
250,454,4,1216.72,10/03/2024
251,24,5,7153.58,25/05/2024
252,678,6,5593.46,22/05/2024
253,493,2,1250.5,20/01/2024
254,694,4,2156.87,25/01/2024
255,891,7,3219.23,14/04/2023
256,934,4,5773.86,25/04/2023
257,715,1,2524.03,22/05/2023
258,963,8,2919.1,08/10/2023
259,685,4,6418.62,14/07/2023
260,650,2,1494.91,21/04/2023
261,427,3,3295.46,08/11/2023
262,384,6,7237.49,15/04/2023
263,240,1,2913.78,09/06/2023
264,416,3,754.52,29/03/2024
265,806,4,7405.04,11/05/2023
266,930,6,4587.76,05/09/2023
267,640,5,6090.96,21/07/2023
268,87,3,942.45,07/04/2024
269,847,7,643.73,30/05/2024
270,491,1,7700.13,15/02/2024
271,335,1,3695.67,04/04/2023
272,80,6,7129.84,18/12/2023
273,745,3,5760.25,17/06/2023
274,732,3,1963.93,21/12/2023
275,889,1,6495.24,22/07/2023
276,411,2,1883.57,13/10/2023
277,647,2,3660.13,23/03/2024
278,230,8,7167.72,31/05/2024
279,686,8,6784.63,19/03/2024
280,94,4,4319.55,12/06/2023
281,924,5,5458.35,09/07/2023
282,911,3,4875.88,08/04/2024
283,546,1,4187.78,16/02/2024
284,73,1,2712.12,12/07/2023
285,190,3,7210.91,15/03/2024
286,552,2,3604.44,13/07/2023
287,785,5,1964.96,03/05/2024
288,415,6,6122.56,27/02/2024
289,858,7,3799.64,24/10/2023
290,459,5,2665.78,04/04/2023
291,264,2,2896.14,16/11/2023
292,179,5,2494.62,10/10/2023
293,189,1,6600.05,19/11/2023
294,722,6,2825.99,26/05/2024
295,410,6,5691.7,16/04/2023
296,741,8,2977.75,22/12/2023
297,647,4,4935.48,05/12/2023
298,341,5,949.55,18/04/2023
299,63,5,3247.8,28/04/2024
300,877,3,2407.72,15/06/2023
301,365,7,5822.97,14/05/2023
302,741,5,6258.27,28/09/2023
303,369,8,5573.38,10/05/2023
304,901,7,1466.07,10/03/2024
305,436,4,4871.3,01/08/2023
306,341,8,4446.82,28/04/2024
307,772,1,3576.45,09/05/2024
308,901,6,4415.68,24/05/2023
309,187,8,4922.36,27/06/2023
310,157,5,460.63,20/04/2023
311,285,4,3362.95,12/02/2024
312,397,3,1730.05,09/02/2024
313,756,2,3743.93,14/05/2023
314,59,7,7952.59,27/09/2023
315,856,6,5581.55,01/02/2024
316,745,3,3197.64,18/11/2023
317,8,4,3884.15,04/01/2024
318,161,7,61.25,28/09/2023
319,86,6,2265.01,17/09/2023
320,903,1,1727.61,31/12/2023
321,434,7,610.31,16/10/2023
322,55,8,4178.78,06/08/2023
323,835,2,1617.43,18/04/2023
324,457,8,4414.84,14/12/2023
325,678,7,5300.39,11/06/2023
326,871,4,7465.44,31/01/2024
327,5,3,1723.78,11/04/2023
328,650,5,7552.04,15/01/2024
329,687,3,3233.23,09/04/2024
330,215,6,6609.49,15/06/2023
331,361,2,4351.75,03/06/2024
332,442,3,7847.06,30/10/2023
333,563,7,4258.37,11/02/2024
334,267,4,1054.37,28/02/2024
335,807,1,2342.4,03/06/2023
336,584,2,4591.85,05/05/2023
337,494,4,1493.86,24/06/2023
338,284,6,5019.27,06/05/2024
339,566,3,3164.65,20/07/2023
340,367,1,4026.45,07/04/2024
341,706,7,1702.68,26/02/2024
342,699,7,7085.65,27/07/2023
343,921,7,5318.62,09/09/2023
344,669,1,7119.85,08/09/2023
345,560,2,3131.5,14/06/2023
346,821,4,1028.85,04/10/2023
347,144,6,3356.54,04/06/2023
348,256,6,3726.39,25/05/2023
349,885,7,6052.68,01/07/2023
350,403,1,5841.21,11/11/2023
351,576,6,6888.46,26/04/2023
352,240,3,7310.93,09/11/2023
353,536,4,7717.62,29/11/2023
354,478,8,6208.41,30/07/2023
355,822,2,4629.6,27/04/2023
356,965,3,7456.69,12/07/2023
357,874,3,6208.59,12/10/2023
358,149,6,6325.19,16/04/2023
359,810,6,7442.05,24/08/2023
360,393,4,6180.35,26/09/2023
361,831,4,242.37,10/11/2023
362,647,3,3070.27,19/10/2023
363,914,3,4093.29,16/04/2023
364,903,1,2992.69,03/04/2024
365,156,8,4518.36,18/04/2024
366,977,3,1914.74,25/05/2024
367,302,6,3543.47,03/05/2023
368,637,3,3723.21,13/08/2023
369,655,2,198.96,17/05/2024
370,250,4,4954.0,07/01/2024
371,695,2,2180.98,08/04/2024
372,320,6,2861.43,24/12/2023
373,551,4,4381.94,01/07/2023
374,71,4,6346.05,21/03/2024
375,499,6,5598.28,25/04/2023
376,691,7,2404.42,04/05/2023
377,640,3,6138.62,23/04/2023
378,696,6,4220.49,21/02/2024
379,407,8,260.45,22/08/2023
380,67,8,474.52,26/09/2023
381,406,1,5243.66,25/08/2023
382,652,7,3006.54,04/07/2023
383,510,4,4062.08,02/03/2024
384,313,2,6963.42,23/12/2023
385,397,2,3988.98,07/10/2023
386,464,7,147.37,07/01/2024
387,645,1,812.81,06/06/2024
388,652,8,4069.02,16/05/2023
389,32,6,1466.06,23/11/2023
390,679,4,3385.8,28/02/2024
391,738,1,7525.22,24/11/2023
392,624,5,6199.77,29/08/2023
393,505,6,389.56,11/05/2024
394,961,4,7585.43,01/11/2023
395,348,3,6692.74,19/05/2024
396,473,3,3657.85,23/02/2024
397,31,8,807.2,09/04/2023
398,51,4,6896.85,27/07/2023
399,677,6,7386.94,17/01/2024
400,236,3,6599.59,13/10/2023
401,375,3,5171.36,05/01/2024
402,985,1,3196.31,03/02/2024
403,709,4,6561.02,29/11/2023
404,170,8,3484.78,26/02/2024
405,105,1,5427.01,22/10/2023
406,91,2,1988.63,01/04/2023
407,545,3,3911.85,14/03/2024
408,488,6,5981.94,27/04/2024
409,880,7,1944.89,06/02/2024
410,899,6,3818.34,12/11/2023
411,997,7,4415.99,28/03/2024
412,80,8,986.92,19/11/2023
413,669,8,7118.21,05/05/2024
414,845,5,3031.82,07/11/2023
415,870,1,2147.22,23/01/2024
416,789,2,4771.6,24/03/2024
417,493,5,2461.12,28/01/2024
418,53,4,5420.05,13/11/2023
419,372,1,3676.15,29/07/2023
420,683,8,2893.5,04/10/2023
421,840,3,5440.94,17/07/2023
422,884,3,4907.83,16/06/2023
423,334,5,3075.29,24/09/2023
424,601,7,6568.11,12/06/2023
425,718,4,7356.34,01/12/2023
426,560,3,6302.71,26/08/2023
427,931,5,6220.13,07/10/2023
428,321,2,4069.32,07/06/2024
429,827,2,2723.59,16/01/2024
430,708,8,2804.43,31/05/2024
431,748,5,7885.37,26/08/2023
432,531,8,3373.38,14/04/2023
433,630,5,4582.98,04/03/2024
434,824,3,4837.73,13/01/2024
435,733,7,7641.21,02/09/2023
436,656,8,573.08,09/09/2023
437,540,5,6201.77,01/03/2024
438,102,4,7967.59,05/12/2023
439,603,5,4953.07,29/07/2023
440,85,7,3040.71,31/10/2023
441,921,1,2259.33,25/05/2024
442,639,7,5047.92,04/04/2023
443,405,5,1446.29,30/10/2023
444,841,5,3208.32,14/08/2023
445,596,4,2924.32,25/01/2024
446,188,2,1742.48,01/07/2023
447,174,6,956.6,05/01/2024
448,305,3,5872.35,12/08/2023
449,773,5,3753.94,23/05/2024
450,970,7,3923.65,31/03/2024
451,294,8,4426.63,04/08/2023
452,948,2,4183.4,29/10/2023
453,706,3,687.8,21/06/2023
454,327,7,7250.89,25/12/2023
455,155,1,5585.98,06/09/2023
456,193,1,7571.88,04/01/2024
457,945,8,6304.44,11/06/2023
458,277,4,5031.79,24/04/2024
459,446,8,2010.8,05/10/2023
460,232,7,5302.86,26/09/2023
461,208,1,5236.26,10/10/2023
462,180,4,3585.59,17/09/2023
463,564,4,1435.87,17/04/2024
464,179,1,4747.2,05/12/2023
465,699,2,5556.28,31/07/2023
466,822,6,5130.37,29/02/2024
467,74,6,3542.51,26/02/2024
468,174,3,7034.75,16/07/2023
469,29,1,393.6,14/02/2024
470,628,8,5007.36,20/05/2024
471,187,4,281.44,30/08/2023
472,752,1,661.04,17/06/2023
473,331,1,3325.57,13/07/2023
474,919,1,4020.43,10/03/2024
475,921,7,5283.14,15/11/2023
476,832,1,4150.1,25/03/2024
477,201,4,4303.16,03/09/2023
478,413,8,2588.69,11/10/2023
479,479,7,2137.34,29/03/2024
480,578,8,7465.86,26/11/2023
481,816,2,596.68,08/05/2023
482,767,1,4146.3,12/07/2023
483,989,8,4416.77,22/10/2023
484,644,5,688.71,23/11/2023
485,886,2,7303.53,14/07/2023
486,379,6,782.72,17/05/2024
487,505,6,4338.09,23/08/2023
488,887,1,1330.36,25/06/2023
489,252,1,1164.07,17/04/2023
490,359,5,3061.75,01/09/2023
491,888,1,5012.64,21/11/2023
492,447,8,2869.61,19/05/2024
493,897,8,4853.99,04/10/2023
494,367,8,2258.44,12/05/2024
495,297,7,1320.02,07/04/2024
496,666,8,4214.68,17/04/2023
497,958,3,3625.93,05/04/2023
498,631,1,5135.24,19/05/2024
499,669,2,4054.0,01/05/2024
500,607,7,7256.81,05/06/2024
501,722,5,6124.15,30/04/2024
502,88,7,314.77,25/04/2023
503,869,2,7807.06,27/06/2023
504,381,3,6297.64,12/08/2023
505,668,6,1975.33,04/09/2023
506,205,6,5836.3,23/09/2023
507,511,4,7773.4,21/07/2023
508,970,8,983.63,20/12/2023
509,169,1,2020.91,23/05/2023
510,550,4,547.78,16/03/2024
511,725,2,3196.26,15/08/2023
512,321,1,4565.86,20/05/2023
513,327,5,6191.19,12/10/2023
514,207,3,2719.28,01/04/2024
515,196,5,7438.95,22/08/2023
516,778,8,3676.09,27/10/2023
517,407,7,290.23,14/01/2024
518,661,1,4037.84,17/09/2023
519,351,5,3006.15,05/05/2024
520,386,4,1695.33,29/07/2023
521,256,7,2237.46,17/01/2024
522,21,8,2045.56,03/04/2024
523,732,5,7026.67,24/11/2023
524,909,7,1111.24,29/04/2024
525,95,2,5343.82,06/09/2023
526,194,3,1733.66,30/03/2024
527,509,8,4907.8,25/09/2023
528,659,2,3871.6,05/01/2024
529,907,4,35.85,07/04/2023
530,45,3,720.65,12/12/2023
531,773,5,2566.75,25/09/2023
532,42,1,2828.99,26/07/2023
533,193,4,6595.69,31/07/2023
534,593,5,5114.17,05/08/2023
535,710,7,7405.06,18/11/2023
536,626,4,3612.04,03/09/2023
537,930,6,111.12,08/10/2023
538,451,2,7268.52,16/05/2024
539,104,1,2796.36,29/12/2023
540,633,4,2143.56,25/07/2023
541,207,5,972.48,02/10/2023
542,605,6,7428.37,02/11/2023
543,386,5,3489.95,24/01/2024
544,33,2,5125.26,20/09/2023
545,232,8,1769.77,25/09/2023
546,3,4,4110.59,11/06/2023
547,205,3,1652.79,25/10/2023
548,151,6,2483.91,06/02/2024
549,505,6,3180.36,17/01/2024
550,302,1,3399.58,25/06/2023
551,878,1,694.67,02/05/2024
552,269,8,636.64,09/12/2023
553,241,5,5484.7,05/08/2023
554,178,1,5971.34,23/05/2024
555,730,2,7507.62,03/11/2023
556,973,8,6843.43,23/04/2023
557,738,2,6638.69,01/11/2023
558,67,5,3486.48,07/07/2023
559,534,2,446.25,11/04/2023
560,842,5,2488.51,17/06/2023
561,179,4,7114.83,15/04/2023
562,594,7,6884.93,01/03/2024
563,572,5,4767.82,12/03/2024
564,26,7,2163.72,30/11/2023
565,211,6,7786.05,05/10/2023
566,24,7,2366.45,08/09/2023
567,159,2,569.48,03/05/2023
568,646,5,220.17,25/05/2023
569,690,2,385.75,17/08/2023
570,937,6,3708.81,21/06/2023
571,535,4,4977.27,29/01/2024
572,229,7,5516.95,25/04/2024
573,705,5,5762.23,21/05/2023
574,957,1,6379.65,13/08/2023
575,463,1,3842.75,17/04/2023
576,412,2,7993.72,20/04/2023
577,400,2,3698.26,23/12/2023
578,632,7,6602.17,14/05/2024
579,600,2,7992.68,10/05/2023
580,376,6,1962.14,12/02/2024
581,179,8,6452.37,08/12/2023
582,943,5,257.95,26/12/2023
583,270,2,2860.86,15/12/2023
584,415,6,7336.48,24/08/2023
585,925,2,5735.3,30/07/2023
586,847,7,5954.45,05/07/2023
587,492,3,4254.03,31/07/2023
588,648,5,122.61,26/05/2023
589,67,3,5458.06,28/03/2024
590,522,7,1235.82,30/10/2023
591,243,7,6203.66,13/09/2023
592,913,6,2734.4,29/04/2023
593,463,5,2464.31,01/10/2023
594,947,4,2408.97,05/04/2024
595,394,1,4117.16,03/11/2023
596,334,4,5712.4,21/02/2024
597,487,8,4497.68,02/08/2023
598,119,6,3039.99,29/05/2024
599,304,2,2796.88,15/05/2023
600,963,6,1057.49,28/04/2023
601,315,4,6748.74,21/11/2023
602,42,3,3485.84,27/04/2024
603,436,2,356.63,23/09/2023
604,170,6,4212.39,09/10/2023
605,663,7,6908.67,02/11/2023
606,257,7,3022.42,05/05/2023
607,80,7,3284.64,22/04/2024
608,537,1,7487.62,13/09/2023
609,715,6,6416.18,08/06/2024
610,820,2,3810.52,10/10/2023
611,978,8,6132.43,20/01/2024
612,392,4,5254.49,01/07/2023
613,721,7,3793.72,21/04/2023
614,523,3,3215.77,26/05/2023
615,756,3,5807.34,20/07/2023
616,715,6,1388.24,12/02/2024
617,333,1,4966.58,14/09/2023
618,425,4,4079.83,06/12/2023
619,37,5,7423.98,05/02/2024
620,190,1,7272.51,22/04/2023
621,59,4,5199.58,22/06/2023
622,508,1,3658.86,30/11/2023
623,488,7,2771.76,24/07/2023
624,593,3,1827.75,13/07/2023
625,790,6,1504.39,16/03/2024
626,68,6,7961.65,08/04/2024
627,413,1,4281.23,18/05/2023
628,593,7,3656.56,01/05/2023
629,859,7,7827.05,10/07/2023
630,670,7,7367.77,21/05/2024
631,828,5,3156.66,23/08/2023
632,230,3,7944.47,03/09/2023
633,273,7,7819.81,31/12/2023
634,849,6,573.48,26/07/2023
635,645,2,2847.4,11/05/2023
636,11,1,7088.11,30/04/2024
637,630,3,220.62,21/11/2023
638,28,4,5433.83,03/04/2024
639,23,3,1790.03,15/04/2023
640,371,8,6771.39,23/04/2024
641,704,2,650.79,19/03/2024
642,155,4,1565.03,25/04/2023
643,231,1,6604.66,05/01/2024
644,41,7,7616.62,07/04/2023
645,968,2,6971.87,17/04/2023
646,622,8,3471.17,16/02/2024
647,87,2,6371.65,09/12/2023
648,320,8,2727.17,24/11/2023
649,559,5,3753.85,29/02/2024
650,876,1,4109.83,21/06/2023
651,448,4,3512.94,11/01/2024
652,856,5,3631.4,27/04/2023
653,152,2,2956.93,18/06/2023
654,258,7,670.04,01/12/2023
655,404,6,7932.07,14/07/2023
656,760,1,6941.04,18/06/2023
657,772,4,7116.07,03/05/2024
658,721,6,59.24,12/02/2024
659,33,6,6851.53,24/02/2024
660,155,7,759.71,02/12/2023
661,389,6,7907.97,01/03/2024
662,99,1,3465.78,14/02/2024
663,212,5,1655.01,27/09/2023
664,93,2,2992.12,08/04/2023
665,691,1,570.19,04/07/2023
666,834,8,1072.93,23/12/2023
667,341,7,6253.51,31/07/2023
668,253,8,7534.89,18/12/2023
669,712,7,881.65,06/03/2024
670,296,4,5315.24,24/01/2024
671,111,4,3303.69,10/04/2023
672,923,7,1468.98,11/07/2023
673,438,6,2178.73,28/06/2023
674,391,6,1783.01,03/01/2024
675,938,7,6842.66,26/04/2024
676,535,3,4392.21,27/04/2023
677,118,6,7501.06,30/05/2024
678,666,2,981.89,24/10/2023
679,807,4,686.73,01/10/2023
680,184,8,7559.77,15/09/2023
681,136,3,5120.51,24/08/2023
682,963,8,6693.66,09/08/2023
683,770,3,6322.16,24/05/2024
684,140,7,6374.77,28/04/2024
685,941,8,4087.68,28/06/2023
686,556,1,6494.85,01/12/2023
687,319,6,5426.84,02/09/2023
688,393,2,4439.23,09/02/2024
689,177,6,5631.96,25/11/2023
690,493,4,5307.13,03/06/2023
691,473,1,1798.82,13/05/2024
692,877,3,4890.84,27/03/2024
693,662,2,243.75,08/02/2024
694,407,3,51.22,01/07/2023
695,820,7,6976.18,01/06/2023
696,909,2,7940.42,13/10/2023
697,922,1,4396.77,20/06/2023
698,360,5,7976.19,16/05/2024
699,661,7,6065.52,12/07/2023
700,495,5,6620.79,15/03/2024
701,344,3,1150.82,13/09/2023
702,366,7,7799.33,08/08/2023
703,557,2,6432.28,16/05/2023
704,976,2,6366.43,21/05/2023
705,994,3,993.03,24/04/2023
706,225,1,6594.69,14/06/2023
707,791,4,5779.89,28/06/2023
708,489,3,4363.39,29/05/2023
709,231,2,1421.21,26/08/2023
710,849,5,470.25,29/11/2023
711,891,3,1686.39,21/03/2024
712,437,4,143.57,31/03/2024
713,62,2,1848.19,28/09/2023
714,709,6,143.91,13/06/2023
715,557,6,5528.22,05/05/2024
716,462,3,575.79,09/11/2023
717,397,4,1171.06,11/02/2024
718,443,6,1991.48,11/09/2023
719,815,5,3115.2,01/05/2023
720,568,8,1794.04,27/02/2024
721,825,8,2384.44,14/02/2024
722,37,5,280.4,30/09/2023
723,737,2,575.64,06/11/2023
724,893,1,2535.4,03/06/2023
725,420,8,2317.87,20/04/2024
726,391,3,502.87,04/06/2024
727,392,6,5217.09,16/05/2023
728,774,4,6255.92,30/05/2023
729,552,3,5100.7,15/09/2023
730,688,8,502.42,03/12/2023
731,252,4,1335.78,25/12/2023
732,11,4,7969.56,30/12/2023
733,837,2,5185.42,20/04/2023
734,258,1,2594.91,06/05/2023
735,919,4,3516.67,26/02/2024
736,373,3,3277.89,05/03/2024
737,237,2,563.25,28/05/2024
738,422,3,186.71,27/02/2024
739,419,8,6913.24,17/04/2023
740,165,5,488.77,26/02/2024
741,542,4,2226.36,27/09/2023
742,299,4,186.56,15/03/2024
743,591,2,2011.19,09/04/2024
744,776,1,7497.61,07/02/2024
745,93,3,5315.91,01/06/2023
746,368,4,887.66,19/01/2024
747,52,7,2014.18,01/01/2024
748,285,8,1992.82,03/05/2023
749,72,1,1033.95,08/03/2024
750,508,6,658.7,28/09/2023
751,827,8,7457.42,17/07/2023
752,7,3,2224.74,18/09/2023
753,613,3,2715.36,10/01/2024
754,254,5,1065.0,23/08/2023
755,634,2,6458.16,25/04/2024
756,877,6,3326.22,24/12/2023
757,116,1,7304.85,01/05/2023
758,813,6,1354.22,04/06/2024
759,227,2,1842.79,06/01/2024
760,533,6,195.27,12/05/2023
761,536,3,6448.95,23/04/2024
762,91,7,7131.44,26/02/2024
763,186,6,4122.86,16/08/2023
764,223,6,3917.58,08/02/2024
765,315,4,7983.04,27/02/2024
766,461,5,7890.2,19/09/2023
767,938,4,3150.65,17/03/2024
768,926,2,1126.21,31/12/2023
769,657,5,7394.52,09/04/2023
770,382,8,6996.86,21/08/2023
771,13,5,1759.97,30/09/2023
772,137,1,1248.26,29/04/2023
773,698,8,851.89,09/03/2024
774,579,6,5371.14,10/01/2024
775,446,4,2706.15,15/03/2024
776,913,1,4568.99,04/10/2023
777,618,5,2401.65,26/05/2024
778,218,6,5656.22,16/11/2023
779,368,3,7852.72,15/12/2023
780,937,1,1252.57,21/02/2024
781,370,2,6837.51,19/04/2023
782,331,2,2639.63,19/01/2024
783,546,2,4976.74,15/07/2023
784,835,6,2949.25,25/06/2023
785,424,3,4582.75,15/06/2023
786,120,5,1199.44,05/01/2024
787,207,8,4245.98,03/08/2023
788,293,8,5774.33,01/08/2023
789,129,7,7014.87,17/05/2023
790,454,3,356.54,12/04/2024
791,703,3,3901.44,07/06/2024
792,896,3,6121.38,02/06/2023
793,971,2,1347.65,08/02/2024
794,703,4,7215.42,22/07/2023
795,401,3,6455.05,09/02/2024
796,336,6,5141.09,05/05/2024
797,25,6,923.65,07/06/2024
798,376,5,7805.53,05/04/2023
799,984,1,432.03,29/02/2024
800,186,1,6735.86,30/06/2023
801,482,3,3340.56,22/07/2023
802,774,7,3701.1,12/07/2023
803,718,2,5921.23,13/05/2024
804,239,8,4223.47,09/08/2023
805,372,7,4349.16,16/01/2024
806,405,6,857.18,01/09/2023
807,493,4,3374.7,16/07/2023
808,564,7,134.35,20/08/2023
809,865,7,2848.9,19/04/2023
810,994,8,864.62,11/04/2024
811,947,3,4033.05,17/05/2023
812,125,2,1862.38,15/10/2023
813,909,4,4917.55,30/10/2023
814,7,2,5773.87,26/01/2024
815,253,1,175.96,27/06/2023
816,257,2,4641.96,24/09/2023
817,809,4,1340.42,31/12/2023
818,50,5,3999.71,19/12/2023
819,987,2,1087.0,16/03/2024
820,681,2,4459.61,21/05/2023
821,406,3,1192.98,28/03/2024
822,899,2,6689.95,26/03/2024
823,653,2,7376.82,28/05/2023
824,150,8,1059.74,14/04/2023
825,65,8,6294.76,13/09/2023
826,387,4,4010.2,31/05/2024
827,428,3,7237.54,13/01/2024
828,123,3,4559.72,11/06/2023
829,830,5,6866.48,22/10/2023
830,685,6,4416.62,06/05/2024
831,387,8,7752.6,20/04/2023
832,705,1,5374.9,15/04/2024
833,476,7,2659.88,28/07/2023
834,197,1,1712.79,09/04/2024
835,997,1,3990.79,10/11/2023
836,751,7,6636.21,07/10/2023
837,467,1,6922.42,28/10/2023
838,835,5,1135.55,21/10/2023
839,840,8,2909.13,01/09/2023
840,920,3,2208.41,13/06/2023
841,860,3,1902.65,14/05/2024
842,180,2,586.32,15/03/2024
843,185,7,226.3,04/10/2023
844,573,7,1861.27,29/10/2023
845,878,1,807.17,27/05/2024
846,343,1,7116.73,22/06/2023
847,604,8,6105.89,15/11/2023
848,178,4,6540.24,14/07/2023
849,465,5,1280.99,05/12/2023
850,670,7,6593.46,30/06/2023
851,385,5,3489.3,31/08/2023
852,7,7,1405.19,20/07/2023
853,181,2,5540.83,01/01/2024
854,742,1,753.27,13/12/2023
855,402,1,4605.4,08/07/2023
856,240,6,3931.99,05/11/2023
857,397,6,443.46,09/04/2024
858,362,7,6223.57,18/10/2023
859,938,7,3975.97,07/12/2023
860,973,4,2366.19,30/08/2023
861,477,8,1162.1,22/03/2024
862,129,2,7927.29,02/10/2023
863,43,8,2059.09,27/07/2023
864,879,2,4590.3,19/01/2024
865,276,1,3274.88,24/03/2024
866,266,5,6811.16,16/04/2024
867,94,4,1291.22,09/05/2024
868,82,3,3739.49,09/08/2023
869,371,6,3571.07,09/01/2024
870,74,4,3307.66,07/03/2024
871,840,4,1230.12,16/09/2023
872,563,4,1187.51,07/06/2024
873,633,8,7182.25,01/05/2024
874,245,1,1545.21,03/09/2023
875,9,2,5000.18,24/11/2023
876,974,1,2165.69,29/04/2024
877,434,1,6628.92,01/05/2023
878,773,5,2049.3,09/05/2023
879,447,5,7049.63,31/07/2023
880,831,2,3550.01,29/01/2024
881,931,5,7227.05,28/11/2023
882,28,7,4985.22,18/10/2023
883,440,4,1661.9,06/03/2024
884,438,8,3028.41,13/12/2023
885,518,6,7899.71,23/01/2024
886,805,4,4615.05,29/04/2024
887,600,3,5694.47,16/05/2023
888,228,8,6021.25,18/05/2024
889,625,7,5669.43,01/03/2024
890,574,1,7446.67,02/07/2023
891,158,7,416.49,30/05/2024
892,50,1,1889.58,11/06/2023
893,666,7,3431.2,08/05/2023
894,140,3,3304.25,21/05/2024
895,563,1,318.81,26/01/2024
896,993,6,1959.57,01/04/2023
897,9,4,5282.08,25/12/2023
898,939,7,3876.35,18/07/2023
899,726,2,1811.98,01/01/2024
900,143,8,1977.13,02/06/2024
901,707,4,6057.51,03/06/2023
902,32,4,6674.18,29/10/2023
903,303,7,2834.62,29/06/2023
904,370,1,7518.53,10/05/2023
905,890,5,7233.15,13/03/2024
906,809,8,2667.13,14/06/2023
907,366,8,5264.95,13/04/2024
908,240,1,3754.8,08/04/2023
909,397,6,1826.8,25/02/2024
910,523,3,7446.45,23/05/2023
911,105,1,2062.63,22/05/2024
912,375,6,2233.81,17/03/2024
913,433,7,4040.27,08/06/2023
914,778,5,6467.61,19/09/2023
915,408,4,1185.55,14/10/2023
916,755,6,418.84,28/08/2023
917,453,8,5257.45,29/01/2024
918,282,6,7349.31,17/01/2024
919,508,2,7783.35,24/02/2024
920,691,1,5587.36,18/04/2023
921,548,7,1751.85,07/08/2023
922,12,1,6729.23,28/12/2023
923,42,6,2943.42,16/08/2023
924,81,3,5506.1,03/10/2023
925,776,1,2351.21,05/11/2023
926,608,8,5486.42,21/09/2023
927,301,5,4397.08,07/11/2023
928,617,7,6792.21,07/06/2023
929,162,5,1018.28,27/04/2023
930,516,4,3651.33,05/11/2023
931,56,6,5234.52,19/04/2023
932,339,8,4314.01,16/05/2024
933,169,2,3382.41,03/07/2023
934,64,2,7085.89,26/12/2023
935,622,3,6101.58,17/12/2023
936,682,5,6105.6,23/09/2023
937,248,8,7891.43,04/03/2024
938,377,3,4430.21,17/11/2023
939,177,3,2433.29,05/07/2023
940,915,6,7507.96,06/04/2023
941,359,7,3063.05,24/04/2024
942,171,1,7233.19,23/06/2023
943,470,5,4445.35,31/12/2023
944,193,3,6221.06,06/04/2024
945,120,6,912.36,23/05/2023
946,771,5,7216.23,11/10/2023
947,559,7,5396.18,03/03/2024
948,939,2,3944.67,14/09/2023
949,669,4,1529.69,07/10/2023
950,746,1,4968.73,18/09/2023
951,359,4,6718.31,11/06/2023
952,74,4,3693.46,25/02/2024
953,169,6,1710.17,15/01/2024
954,336,8,6092.41,06/05/2024
955,926,8,6544.9,04/01/2024
956,719,2,2083.87,17/07/2023
957,577,6,3813.17,10/05/2024
958,983,4,1170.11,18/04/2023
959,245,2,4966.69,26/02/2024
960,571,2,3355.94,22/01/2024
961,501,6,989.39,21/05/2023
962,400,1,854.02,28/10/2023
963,577,6,10.67,11/07/2023
964,317,2,6942.28,05/01/2024
965,939,6,6348.48,01/11/2023
966,773,7,6617.71,13/01/2024
967,797,6,7676.63,06/04/2024
968,853,8,2944.66,31/12/2023
969,287,5,5347.98,20/07/2023
970,336,5,6803.46,31/07/2023
971,609,4,6385.35,14/04/2024
972,694,3,6538.93,28/08/2023
973,615,8,2634.87,04/11/2023
974,97,4,6586.68,24/03/2024
975,962,5,5873.28,16/11/2023
976,726,4,2251.97,20/04/2024
977,623,3,5566.64,27/09/2023
978,995,4,2325.43,17/04/2024
979,127,8,2850.79,21/09/2023
980,287,1,4407.65,24/11/2023
981,922,6,3398.5,11/11/2023
982,165,5,6518.75,10/11/2023
983,289,5,7248.57,02/04/2024
984,815,4,2757.58,28/01/2024
985,890,1,4855.21,19/03/2024
986,373,7,5807.04,31/03/2024
987,237,3,1221.45,27/03/2024
988,275,2,2368.15,12/09/2023
989,44,5,7366.02,26/03/2024
990,8,3,5288.54,31/05/2023
991,751,8,5579.6,28/09/2023
992,709,5,3970.97,25/01/2024
993,943,8,3215.06,30/04/2023
994,44,6,1194.02,04/06/2023
995,729,3,2987.8,30/04/2023
996,806,6,4330.58,29/02/2024
997,221,7,5697.31,03/06/2024
998,292,4,4224.09,30/09/2023
999,554,8,1817.57,28/08/2023
1000,562,6,1939.25,08/07/2023
